samsung,ksp,bond,memory,smartphone
16180,1696.140015,5.42,366.08,250.4
16440,1690.619995,5.36,366.42,250.4
16820,1705.319946,5.38,366.34,250.4
16260,1683.449951,5.3,362.3,250.4
16420,1695.26001,5.33,367.68,250.4
15940,1694.119995,5.36,366.62,250.4
16180,1698.640015,5.38,353.45,250.4
15940,1671.410034,5.33,359.09,250.4
16540,1685.77002,5.35,356.96,250.4
16840,1701.800049,5.35,344.67,250.4
16860,1711.780029,5.41,344.67,250.4
16460,1710.219971,5.37,350.84,250.4
16680,1714.380005,5.35,349.8,250.4
17000,1722.01001,5.32,347.91,250.4
16500,1684.349976,5.32,329.49,250.4
16840,1670.199951,5.34,334.18,250.4
16300,1637.339966,5.32,333.52,250.4
16000,1625.47998,5.34,337.45,250.4
16160,1642.430054,5.37,327.25,250.4
15680,1602.430054,5.34,316.07,250.4
15540,1606.439941,5.35,325.72,250.4
15440,1595.810059,5.34,328.7,250.4
15540,1615.02002,5.35,327.75,250.4
15520,1616.420044,5.36,312.53,250.4
15000,1567.119995,5.31,320.01,250.4
14960,1552.790039,5.35,318.86,250.4
15220,1570.48999,5.37,323.41,250.4
15100,1570.119995,5.36,323.4,250.4
15260,1597.810059,5.3,331.04,250.4
15000,1593.660034,5.29,332.84,250.4
15120,1601.050049,5.3,340.96,250.4
15580,1627.430054,5.3,341.54,250.4
15500,1621.189941,5.29,342.52,250.4
15200,1593.900024,5.31,343.54,250.4
15460,1627.099976,5.3,342.55,250.4
15340,1628.900024,5.29,332.87,250.4
15040,1612.829956,5.2,339.27,250.4
14720,1587.51001,5.13,338.39,250.4
14880,1594.579956,5.13,338.86,250.4
15400,1615.119995,5.13,349.39,250.4
15420,1622.439941,5.11,346.37,250.4
15220,1618.199951,5.04,346.55,250.4
15500,1634.569946,5.01,351.53,250.4
15720,1660.040039,5.03,351.21,250.4
15720,1660.829956,5.03,350.47,250.4
15680,1662.23999,5.02,358.04,250.4
15560,1656.619995,4.9,357.16,250.4
15560,1662.73999,4.84,355.37,250.4
15360,1649.5,4.86,350.43,250.4
15300,1648.01001,4.83,359.87,250.4
15960,1682.859985,4.78,364.06,250.4
15940,1675.170044,4.73,361.64,250.4
16080,1686.109985,4.72,355.67,250.4
16020,1672.670044,4.69,364.25,250.4
16180,1681.819946,4.76,372.47,250.4
16380,1681.01001,4.93,365.37,250.4
16380,1688.390015,4.89,364.83,250.4
16400,1697.719971,4.9,362.89,250.4
16360,1691.98999,4.94,366.37,250.4
16280,1700.189941,5,368.9,250.4
16360,1692.849976,4.94,366.57,250.4
16900,1719.170044,4.92,366.93,250.4
17140,1723.48999,4.93,366.93,250.4
17400,1724.98999,4.95,377.86,250.4
17380,1726.089966,4.94,375.52,250.4
17180,1726.599976,4.88,376.89,250.4
17260,1733.780029,4.83,371.47,250.4
17120,1724.469971,4.83,375.76,250.4
16600,1710.300049,4.93,378.97,250.4
16560,1710.589966,4.95,381.33,250.4
16900,1735.329956,4.95,397.73,256.2
17100,1743.910034,4.98,398.86,257.1
16960,1734.48999,4.96,393.75,253.8
16540,1705.300049,4.94,389.66,249.9
16560,1718.030029,4.96,395.71,252.7
17040,1747.579956,4.96,391.42,253.5
16820,1739.52002,4.95,398.94,252.5
16600,1737.030029,4.92,400.42,253.5
16680,1752.199951,4.91,400.81,254.5
16700,1749.550049,4.87,386.78,250.4
16500,1733.910034,4.82,388.63,249.2
16500,1728.420044,4.82,393.97,252.5
16980,1741.560059,4.83,376.07,248.3
16580,1721.209961,4.87,385.97,249.5
16680,1718.75,4.86,368.48,243.4
16280,1684.709961,4.91,352.54,232
15880,1647.5,4.93,346.75,227
16060,1677.630005,4.95,367.48,236.3
15820,1670.23999,4.91,364.73,234.5
15780,1663.030029,4.96,375.08,238.3
16260,1694.579956,4.99,364.96,238.2
16200,1695.630005,4.99,353.86,232.4
15680,1651.51001,5.05,359.39,230.1
15840,1643.23999,5.03,348.85,227.4
15460,1630.079956,5.03,350.84,225.6
15120,1600.180054,5.03,340.6,219.6
15160,1604.930054,4.95,342.54,220.3
14820,1560.829956,4.93,344.51,217
15000,1582.119995,5,343.78,217.9
15440,1607.5,4.93,361.55,226.1
15560,1622.780029,4.92,355.66,225.2
15520,1641.25,4.94,355.66,225.2
15360,1630.400024,4.9,347.61,220.8
15540,1661.839966,4.89,364.45,227
15860,1664.130005,4.91,348.48,220.4
15740,1637.969971,4.88,335.84,214
15700,1651.47998,4.89,334.58,213.9
15400,1647.219971,4.89,332.06,213.1
15460,1651.699951,4.91,344.69,217.5
15940,1675.339966,4.94,349.53,220.6
16140,1690.599976,4.93,351.97,221.7
15960,1690.030029,4.91,371.47,227.4
16380,1690.030029,4.91,373.09,227.7
16340,1707.920044,4.91,372.39,228.2
16440,1711.949951,4.91,371.21,228.7
16600,1739.680054,4.97,368.04,228.9
16320,1731.47998,4.98,361.39,226
16100,1725.819946,4.98,362.88,226.6
16400,1739.869995,4.98,352.22,223.3
16100,1729.839966,4.99,352.09,221.3
15920,1732.030029,4.97,354.11,221.9
15840,1707.76001,4.96,337.67,214.2
15480,1698.290039,4.94,332.3,211.2
15320,1686.23999,4.91,333.11,210.3
15340,1671.819946,4.91,331.6,209.6
15340,1675.369995,4.91,331.6,209.6
15500,1684.939941,4.91,331.15,212.1
15380,1675.650024,4.93,347.87,217.3
15500,1698.640015,4.93,347.62,219.8
15920,1723.01001,4.92,351.36,221.9
16040,1734.050049,4.94,355.33,222.5
15920,1735.079956,4.94,362.83,226.9
16480,1758.01001,4.94,361.86,229.7
16400,1751.290039,4.91,361.09,229.3
16040,1738.449951,4.91,349.16,223.2
15900,1731.949951,4.91,357.94,224.7
15960,1736.77002,4.91,358.13,225.4
16340,1748.780029,4.91,351.13,223.8
16160,1735.530029,4.9,362.66,228.2
16220,1758.060059,4.88,364.53,230.6
16360,1769.069946,4.89,369.5,233.6
16580,1768.310059,4.87,366.08,231
16740,1773.469971,4.86,359.47,229.8
16540,1770.880005,4.84,352.52,227.9
16200,1759.329956,4.84,348.81,227.1
16200,1782.27002,4.85,354.94,232.3
16300,1790.599976,4.85,351.25,231.2
16120,1789.26001,4.81,354.71,231.6
16080,1783.859985,4.84,352.44,231.5
16020,1783.829956,4.84,351.75,231.2
16040,1790.170044,4.85,354.05,232.9
15860,1781.130005,4.85,344.74,228.7
15580,1758.189941,4.79,330.06,220.9
15320,1721.75,4.77,325.75,217.7
15620,1746.23999,4.75,322.74,217.1
15640,1743.310059,4.74,324.26,217.8
15640,1755.030029,4.74,328.6,220.1
15560,1761.98999,4.73,332.1,221.2
15780,1779.640015,4.62,326.42,219.4
15680,1775.540039,4.53,327.88,218
15800,1767.709961,4.52,323.78,216.8
15660,1760.530029,4.53,318.41,213.9
15440,1734.790039,4.53,321.5,213.4
15460,1729.76001,4.47,315.23,212.4
15320,1729.560059,4.43,321.76,214.7
15520,1760.130005,4.44,313.58,212.5
15120,1742.75,4.39,307.49,209.3
15040,1764.689941,4.4,316.75,213.7
15180,1775.72998,4.41,323.32,216.7
15220,1780.02002,4.43,328.71,220.4
15600,1792.420044,4.48,328.71,220.4
15760,1787.73999,4.44,322.31,219.3
15420,1779.219971,4.37,320.9,220.1
15120,1784.359985,4.25,321.08,220.9
15320,1802.579956,4.24,316.57,220.7
15400,1818.859985,4.24,327.17,226.2
15200,1815.25,4.23,332.76,228
15140,1823.880005,4.23,331.64,228.4
15140,1811.849976,4.2,334.24,228.4
15460,1827.349976,4.25,334.35,229.9
15600,1832.630005,4.29,336.12,233.5
15240,1846.599976,4.24,346.14,236.9
15100,1860.829956,4.21,343.8,237.4
14900,1855.969971,0,349.46,237.9
15440,1866.449951,4.2,351.79,240.6
15540,1872.810059,4.12,349.24,240.4
15540,1876.72998,4.01,348.06,241.1
15600,1879.290039,4.01,343.12,238.3
15460,1878.939941,3.97,350.91,242.9
15860,1903.949951,3.99,345.34,242
15400,1900.849976,3.98,346.83,242.3
15160,1897.069946,3.99,350.15,242.5
15060,1889.910034,4.04,352.67,243
14920,1868.040039,4.08,355.32,242.5
14880,1876.150024,4.07,355.66,244.9
15000,1899.76001,3.95,354.83,244.7
15080,1902.290039,3.91,357.12,246.4
15020,1875.420044,3.97,354.57,245.7
14820,1857.319946,4.06,349.62,242.2
14900,1870.439941,4.1,351.78,245.1
15300,1874.689941,4.15,349.86,245.4
15540,1897.310059,4.19,356.94,246.9
15420,1915.709961,4.3,360.78,250.4
15260,1919.410034,4.33,359.36,249.3
15060,1909.540039,4.4,370.45,250.5
15280,1907.869995,4.28,370.34,252.5
14900,1882.949951,4.35,372.64,252.2
14940,1914.73999,4.38,371.45,252.1
14800,1914.73999,4.45,374.19,253
14800,1935.969971,4.43,377.81,253.5
15260,1942.5,4.48,389.75,258
15520,1938.959961,4.51,392.02,258.9
15560,1942.410034,4.57,391.88,258.2
15480,1947.459961,4.57,387.32,256.9
15800,1967.849976,4.49,387.34,256.9
15340,1914.72998,4.52,382.49,255.2
15560,1913.119995,4.53,382.61,252.3
16160,1913.810059,4.57,379.57,251.7
16220,1899.130005,4.47,374.07,248.7
15900,1897.109985,4.45,373.85,248.8
15980,1927.859985,4.44,380.96,253.9
16360,1940.959961,4.47,387.09,255.9
16960,1944.339966,4.47,391.33,258.1
16800,1928.939941,4.5,388.27,254.8
17020,1925.97998,4.49,398.71,257.8
16900,1927.680054,4.43,398.71,257.8
16740,1901.800049,4.47,396.03,255.9
16720,1895.540039,4.42,395.15,255.2
16520,1904.630005,4.37,390.12,253.1
16400,1929.319946,4.35,403.07,258
17180,1950.26001,4.37,410.56,262.3
17880,1957.26001,4.35,412.43,265
17800,1953.640015,4.34,411.77,266.1
18020,1962.52002,4.31,411.51,266.1
17760,1955.719971,4.36,415.43,265.5
18340,1988.959961,4.38,416.4,267
18380,1986.140015,4.35,416.69,268.5
18600,1996.589966,4.43,413.2,267.7
18580,2009.050049,4.47,410.67,267.3
18320,2017.47998,4.59,406.03,265.5
18220,2009.23999,4.56,408.71,266.7
18520,2026.300049,4.57,411.44,266.9
18640,2020.280029,4.55,410.24,266.8
18720,2037.089966,4.49,412.96,269.9
18780,2038.109985,4.44,413.09,270.7
18720,2037.530029,4.47,411.78,270.1
18500,2029.599976,4.49,411.78,270.1
18440,2022.189941,4.48,412.27,270.5
18760,2033.319946,4.5,410.66,270.2
18900,2043.48999,4.52,411.2,270.1
18980,2051,4.47,412.3,271.5
19160,2070.080078,4.57,415.05,276
19160,2085.139893,4.58,415.58,277.3
18840,2082.550049,4.63,417.09,277.4
18600,2077.610107,4.68,424.77,278.2
18420,2086.199951,4.71,425.76,277.1
18340,2080.810059,4.7,430.17,277.8
18260,2088.320068,4.71,431.52,279.3
18600,2094.949951,4.64,440.01,282.1
18440,2089.47998,4.7,439.82,284.2
18660,2108.169922,4.68,451.59,287.4
18980,2099.850098,4.68,451.59,287.4
19380,2096.47998,4.67,449.93,288.5
19940,2115.689941,4.71,439.33,286
19640,2106.659912,4.71,434.77,281.4
19420,2069.919922,4.7,431.65,279.9
19420,2082.159912,4.75,442.42,283.9
19500,2086.669922,4.74,439.12,284.2
19960,2110.459961,4.72,442.94,287.4
19880,2115.01001,4.71,451.28,289.9
20200,2107.870117,4.7,438.61,285.8
19620,2069.72998,4.71,440.51,285.3
19660,2072.030029,4.71,451.83,290.7
19440,2081.73999,4.79,461.25,296.6
19220,2069.699951,4.81,460.9,297.9
19200,2045.579956,4.81,457.6,297.6
18720,2008.5,4.79,459.25,294.5
18300,1977.189941,4.81,462.82,294
19060,2014.589966,4.82,466.4,295.7
19160,2014.589966,4.81,461.38,294.9
18900,1989.109985,4.81,466.56,297.2
19080,1977.219971,4.81,473.22,298.3
19200,2013.140015,4.78,471.46,298.5
18960,2005.300049,4.76,471.46,298.5
18760,1969.920044,4.69,452.81,289.4
18600,1961.630005,4.7,444.27,284.8
18580,1949.880005,4.66,451.9,286.7
18520,1963.430054,4.64,463.69,292.7
18460,1939.300049,4.67,458.62,292.6
18360,1928.23999,4.68,456.09,291.4
18460,1970.660034,4.7,464.77,296.6
18900,2004.680054,4.71,459.82,296.9
18120,1980.27002,4.7,447.35,291.3
17980,1996.319946,4.68,447.94,293
17800,2001.469971,4.62,434.35,288.2
17320,1981.579956,4.5,423.73,280.9
17240,1955.540039,4.44,427.91,280.9
18000,1971.22998,4.36,427.17,277.2
17200,1923.920044,4.24,421.79,269.1
17720,1957.969971,4.37,412.44,268.5
17800,1959.030029,4.4,417.97,267.6
17820,1981.130005,4.46,419.2,268.2
17800,2003.420044,4.49,426.79,271.5
17500,2013.660034,4.49,422.91,271.8
17460,2012.180054,4.5,426.94,273.7
17600,2036.780029,4.45,437.41,277.5
18200,2054.040039,4.49,436.27,277.6
18320,2056.389893,4.47,436.75,276.8
18320,2072.129883,4.47,441.04,278.6
18520,2091.379883,4.5,441.38,280.7
18640,2106.699951,4.48,437.36,280.5
18800,2121.01001,4.47,432.85,279.2
18900,2115.870117,4.45,429.05,278.2
18900,2130.429932,4.44,438.78,280.6
18460,2126.709961,4.45,445.5,282.2
18180,2122.139893,4.47,443.25,281.4
17960,2127.969971,4.48,439.58,281.1
17880,2122.389893,4.52,435.88,278.7
17640,2089.399902,4.49,426.78,274
18020,2121.919922,4.49,427.89,277.4
18000,2141.060059,4.5,428.41,277.3
17760,2140.5,4.49,431.23,277.4
17340,2137.719971,4.43,423.44,273.3
17500,2122.679932,4.43,425.26,274.1
18320,2169.909912,4.45,443.42,282.2
18560,2198.540039,4.49,443.2,285.5
18080,2197.820068,4.5,443.2,285.5
17780,2216,4.53,443.41,284.4
17940,2206.300049,4.53,450.48,286.7
18480,2206.699951,4.53,450.64,288.5
18000,2208.350098,4.52,447.54,290.4
17860,2192.360107,4.48,449.56,289.8
18640,2228.959961,4.46,445.06,289.7
18760,2200.72998,4.47,439.43,286.5
18300,2180.639893,4.46,439.7,284
17980,2147.449951,4.44,443.66,284.2
17820,2139.169922,4.43,442.36,284.9
17840,2166.629883,4.41,440.89,286.3
17700,2122.649902,4.34,447.13,286.4
18320,2120.080078,4.36,440.95,283.8
18020,2104.179932,4.36,434.69,278.9
17800,2102.409912,4.34,429.48,276.6
17860,2135.780029,4.33,437.59,280.8
17600,2095.51001,4.33,433.87,280.2
17640,2111.5,4.32,432.56,279.4
17460,2055.709961,4.27,423.34,274.3
17300,2061.76001,4.26,420.21,274.1
17120,2035.869995,4.21,424.21,275.2
17580,2091.909912,4.25,428.24,278
17820,2100.23999,4.23,433.09,280.2
17680,2093.790039,4.21,433.09,280.2
18040,2142.469971,4.23,439.6,283.2
18220,2141.340088,4.28,426.28,278.8
17660,2114.199951,4.2,426.42,276.8
17700,2113.469971,4.21,418.52,273.6
17740,2099.709961,4.19,417.64,272.8
17540,2083.350098,4.19,408.94,267.8
17300,2071.419922,4.19,409.62,267.8
17020,2046.670044,4.26,402.8,262.9
17060,2048.73999,4.25,399.08,260.4
17260,2076.830078,4.26,406.75,264.4
17300,2086.530029,4.28,398.44,260.6
16960,2046.630005,4.2,393.87,255.9
16380,2031.930054,4.25,388.21,252
16000,2019.650024,4.23,388.73,250.7
16280,2048.169922,4.25,398.61,256.9
16520,2063.899902,4.23,396.73,258.2
16620,2055.860107,4.23,402.56,258.6
17040,2090.810059,4.26,392.5,256.4
16700,2070.290039,4.24,395.27,258
16640,2062.909912,4.25,400.52,260.4
16660,2094.419922,4.29,400.17,262
16520,2100.689941,4.31,410.35,266.4
17100,2125.73999,4.32,419.11,270
17560,2145.300049,4.32,419.11,270
17980,2161.75,4.3,414.94,271.1
17960,2171.189941,4.3,411.79,270.4
17600,2180.590088,4.29,420.4,272.7
17700,2180.350098,4.33,413.8,269.9
17300,2157.159912,4.31,406.73,264.1
17000,2109.72998,4.21,394.96,258
16860,2129.639893,4.18,393.87,258.7
16620,2130.070068,4.19,387.76,255
16640,2145.199951,4.18,390.07,256.2
16260,2130.47998,4.14,384.63,252.6
16440,2130.209961,4.13,397.41,258
17020,2154.949951,4.15,395.11,260.3
16840,2145.040039,4.17,398.88,263.4
17000,2171.22998,4.19,408.56,267.4
16940,2150.47998,4.18,403.08,263.2
17000,2168.699951,4.24,406.47,267.8
16900,2174.310059,4.23,391.13,262.1
16740,2155.850098,4.2,390.53,259.2
16880,2133.209961,4.19,386.94,257.2
17400,2172.310059,4.23,386.93,256.8
17040,2121.27002,4.21,375.17,251
16660,2066.26001,4.14,379.39,252.1
16420,2018.469971,4.11,357.32,241.8
15780,1943.75,4.01,350.22,236
15200,1869.449951,4.06,331.33,222.2
14480,1801.349976,4.07,346.69,226.3
14400,1806.23999,3.97,339.54,222.1
14160,1817.439941,3.91,357.12,229.5
14140,1793.310059,3.9,355.62,229.7
15000,1879.869995,3.93,355.41,240.4
15040,1892.670044,3.93,353.1,238.6
14180,1860.579956,3.93,332.23,226.8
13600,1744.880005,3.84,326.32,221.7
13820,1710.699951,3.85,328.94,220.4
14460,1776.680054,3.89,346.09,228.5
14160,1754.780029,3.85,345.69,228.1
14500,1764.579956,3.85,336.33,225
14520,1778.949951,3.85,345.78,228.8
14660,1829.5,3.88,358.44,236
14840,1843.819946,3.85,358.23,238.3
14880,1880.109985,3.87,355.79,239.2
15420,1880.699951,3.81,349.85,238.9
15380,1867.75,3.78,341.46,233
14620,1785.829956,3.63,341.46,233
14540,1766.709961,3.65,339.09,228
15460,1833.459961,3.68,354.26,236.9
15960,1846.640015,3.66,352.15,236.7
15600,1812.930054,3.6,348.4,232.6
15060,1749.160034,3.54,375.73,237.6
15420,1774.079956,3.64,381.09,242
15960,1840.099976,3.68,381.91,242.4
16160,1820.939941,3.78,377.49,239.4
16220,1837.969971,3.81,372.76,238
16260,1854.280029,3.86,365.37,234.2
15800,1800.550049,3.82,352.78,223.7
15160,1697.439941,3.75,359.95,224.2
15500,1652.709961,3.83,359.5,223.1
16080,1735.709961,3.79,366.01,230.2
16140,1723.089966,3.89,355.36,227
16740,1769.290039,3.9,350.82,227.9
16800,1769.650024,3.93,338.82,223.5
16560,1706.189941,3.8,340.23,220.1
16840,1666.52002,3.78,350.78,226.3
17100,1710.319946,3.81,355.17,231.8
17200,1759.77002,3.82,356.73,230.2
17480,1759.77002,3.84,366.79,236.4
17620,1795.02002,3.85,365.7,238.6
17960,1809.5,3.83,369.18,241.2
17800,1823.099976,3.77,376.6,244
17720,1835.400024,3.74,380.86,246.1
17800,1865.180054,3.84,370.31,243.5
17660,1838.900024,3.83,378.66,246.1
17720,1855.920044,3.84,370.16,241.8
18140,1805.089966,3.84,363.88,240.1
18340,1838.380005,3.93,372.1,245.7
18820,1898.319946,3.93,384.65,252.1
18900,1888.650024,3.94,377.46,248.3
18680,1894.310059,3.91,379.48,249.8
18480,1922.040039,3.92,395.74,256.7
18900,1929.47998,3.95,396.33,256.6
19360,1909.030029,3.86,386.49,249.7
19800,1909.630005,3.84,374.05,243.1
19420,1898.01001,3.83,375.88,244.6
19340,1869.959961,3.81,387.15,247.2
20100,1928.410034,3.83,391.48,248
19860,1919.099976,3.82,390.87,248.1
19400,1903.140015,3.79,393.22,249.5
19700,1907.530029,3.78,375.04,241.8
18700,1813.25,3.76,378.23,239.2
19660,1863.449951,3.79,391.6,244.2
19920,1902.810059,3.84,386.56,244.2
19920,1886.119995,3.82,392.23,244.9
19500,1856.069946,3.78,389.92,242.8
19600,1876.670044,3.81,374.35,241.1
19260,1839.170044,3.81,371.25,238.9
19000,1820.030029,3.79,364.2,233.5
19260,1826.280029,3.78,359.66,230.6
18700,1783.099976,3.77,348.17,223
18860,1795.060059,3.76,348.17,223
18940,1776.400024,3.81,344.14,221.8
19560,1815.280029,3.81,355.17,229
20100,1856.52002,3.82,352.62,230.2
20080,1847.51001,3.77,373.32,237.3
21480,1916.180054,3.8,375.31,240.5
21000,1916.040039,3.79,374.57,240.4
21320,1922.900024,3.78,378.12,241.8
20880,1902.819946,3.79,377.41,239.2
21120,1919.420044,3.79,381.85,240.6
21280,1912.390015,3.81,371.13,236.4
21060,1874.75,3.8,375.67,237
21680,1899.76001,3.81,365.15,234.3
21000,1864.060059,3.79,356.53,230.8
20800,1857.75,3.79,350.73,227.8
20300,1819.109985,3.78,350.04,227
20900,1839.959961,3.79,352.86,227.8
20140,1776.930054,3.87,343.36,223.3
20240,1793.060059,3.83,358.73,230.9
21140,1848.410034,3.83,354.45,232.5
21040,1847.48999,3.83,366.81,236
21360,1867.219971,3.85,368.6,237
21320,1856.699951,3.84,368.6,237
21460,1842.02002,3.85,368.01,237.4
21220,1825.119995,3.85,362.59,233.8
21160,1825.73999,3.77,365.93,235.3
21600,1826.369995,3.78,364.44,236.1
22100,1875.410034,3.79,368.6,241
21600,1866.219971,3.79,368.66,239.6
21100,1863.73999,3.78,374.17,241.5
20800,1843.140015,3.78,375.22,239.7
20320,1826.48999,3.79,382.59,241.5
20520,1853.219971,3.79,386.28,243.3
20420,1845.550049,3.79,387.89,244.4
20560,1864.569946,3.78,391.75,246.2
20920,1875.680054,3.79,383.47,244
20600,1859.27002,3.79,383.47,244
20720,1892.73999,3.81,385.22,246.6
20600,1892.390015,3.79,404.6,251.3
21440,1914.969971,3.79,412.11,253.9
22100,1949.890015,3.82,414.34,255.1
22280,1952.22998,3.81,416.45,254.8
22260,1957.180054,3.82,411.94,255.6
22500,1964.829956,3.8,413.34,256.7
22300,1940.550049,3.77,408.74,257
22140,1955.790039,3.76,408.94,257.7
21580,1959.23999,3.75,418.74,261.5
21600,1984.300049,3.76,420.56,263.7
21320,1972.339966,3.76,427.99,267.5
21480,1973.130005,3.78,421.87,265.8
21860,1981.589966,3.81,422.3,266.8
21840,2003.72998,3.83,427.59,271.2
21680,2014.619995,3.81,428.98,272.1
21240,1993.709961,3.82,420.15,268.9
21660,2005.73999,3.83,421.73,270.3
21600,2002.640015,3.82,423.46,270.1
22700,2025.319946,3.83,425.48,271.5
22700,1997.449951,3.81,435.88,273.4
23520,2023.469971,3.83,432.04,274.7
23500,2024.900024,3.85,432.04,274.7
23600,2024.23999,3.85,426,274.6
23940,2028.650024,3.85,424.06,274.6
23200,2007.800049,3.83,424.67,275.2
23600,2019.890015,3.83,423.79,275.9
23420,1991.160034,3.82,424.25,275.4
23700,2003.689941,3.8,430.99,275.7
24120,2030.25,3.81,424.17,273.7
23640,2034.630005,3.85,420.35,272.1
23480,2016.060059,3.87,409.65,267.4
23600,2000.359985,3.88,405.95,262.7
23440,1982.150024,3.89,412.24,264.8
23600,2000.76001,3.86,418.35,269.9
24600,2018.300049,3.88,422.85,272.1
24200,2002.5,3.85,418.57,270.1
24420,2025.040039,3.85,428.2,274.6
25000,2045.079956,3.89,426.65,275.2
25000,2043.76001,3.95,434.99,277.2
24760,2034.439941,3.97,435.41,276.5
25200,2047,4.01,438.69,277.1
25340,2042.150024,4.01,435.54,275.6
24840,2027.22998,4.04,437.19,274.2
25160,2026.119995,4.06,434.54,273.8
25220,2026.829956,4.06,435.68,273.8
25500,2019.189941,4.03,441.88,275.7
26220,2039.76001,4.03,441.6,276.2
26040,2031.73999,4,436.1,274.8
25600,2014.410034,3.99,436.85,273.1
25500,2014.040039,3.94,438.64,273.7
25980,2029.290039,3.99,438.44,274.7
26700,2049.280029,3.95,431.5,270.9
26400,2018.609985,3.97,421.9,265.5
26600,2028.77002,3.97,423.2,265.1
26640,2029.030029,3.95,423.2,265.1
26340,1997.079956,3.9,417.08,261.6
26220,1994.410034,3.91,409.65,257.3
25460,1986.630005,3.91,424.16,260.8
25360,2008.910034,3.91,416.43,257.7
25180,1992.630005,3.87,416.7,255.7
24980,1985.300049,3.86,423.2,257.2
25860,2004.530029,3.87,419.51,256.4
26140,1999.859985,3.87,415.03,253.3
25640,1974.650024,3.85,405.17,250
25580,1972.630005,3.85,400.15,247.1
25660,1963.420044,3.85,397.1,247.5
26100,1961.97998,3.88,406.4,251.7
26800,1964.040039,3.87,415.2,251.8
27480,1975.349976,3.84,415.91,251.1
27800,1981.98999,3.81,413.39,250.7
28200,1999.069946,3.82,416.81,250.5
28020,1995.109985,3.8,406.49,246.1
27200,1989.150024,3.79,397.94,241.5
26840,1956.439941,3.75,396.92,239.5
26820,1967.01001,3.78,394.36,238.7
26620,1950.290039,3.77,393.15,236.7
26540,1944.930054,3.79,391.74,236.1
26060,1917.130005,3.75,394.6,235.3
26280,1913.72998,3.75,390.31,231.9
26220,1898.959961,3.73,386.29,230.7
24600,1840.530029,3.75,379.82,226.7
24460,1845.23999,3.74,371.45,224.9
23320,1782.459961,3.72,364.48,220
24180,1799.130005,3.74,373.85,224.6
24800,1828.689941,3.74,370.98,225
24420,1808.619995,3.73,372.33,223.9
24500,1814.469971,3.73,367.07,222.3
24500,1824.170044,3.73,372.11,221.9
24760,1849.910034,3.74,379.66,226.7
24520,1844.859985,3.73,372.2,221.9
24220,1843.469971,3.69,368.37,222
24660,1834.51001,3.64,353.17,215.7
23920,1783.130005,3.56,352.69,213.4
24060,1801.849976,3.61,360.5,217.7
25300,1847.949951,3.67,367.47,223.8
24940,1835.640015,3.57,372.73,224.2
25360,1867.040039,3.66,365.69,222.4
25100,1854.73999,3.66,373.74,224.4
25420,1859.319946,3.64,369.79,223.5
25220,1871.47998,3.64,369.15,221.9
24340,1858.160034,3.63,375.15,224
24860,1891.709961,3.66,380.55,226.8
24880,1891.77002,3.65,384.94,228.9
25040,1904.119995,3.68,388.59,228.7
24540,1889.150024,3.66,372.71,222.6
23640,1847.390015,3.63,378.65,223.5
22640,1825.380005,3.63,365.55,217.8
22780,1817.810059,3.63,366.87,216.5
23340,1817.650024,3.61,371.71,219.4
23360,1819.180054,3.59,369.38,218.3
24020,1854.01001,3.63,385.46,223.4
23480,1851.650024,3.61,384.79,223.7
23500,1867.819946,3.59,390.3,226.3
23820,1874.449951,3.57,390.3,226.3
23700,1875.48999,3.54,385.68,224.5
23220,1858.199951,3.54,376.04,220.6
22520,1836.130005,3.52,371.47,217.7
22540,1829.449951,3.53,363.01,214.9
22360,1826.390015,3.52,359.67,214.3
21820,1785.390015,3.29,353.69,211.1
22780,1812.890015,3.26,357.01,212.5
23040,1817.790039,3.24,353.15,209.5
23360,1821.959961,3.17,351.45,208.5
23080,1794.910034,3.15,363.91,210.6
23900,1822.959961,3.17,371.34,214.6
23820,1822.930054,3.18,365.01,211.7
23240,1789.439941,3.08,361.66,208.1
23400,1793.930054,3.08,360.23,206.6
23160,1769.310059,3,367.13,208.3
23440,1782.469971,3.01,375.54,213.6
24660,1829.160034,3.12,384.23,219.6
25500,1843.790039,3.14,380.61,219.1
26180,1881.98999,3.15,383.72,221.6
26000,1879.930054,3.14,383.83,220
25260,1869.400024,3.1,381.48,218.3
24860,1848.680054,3.03,390.1,221.6
25960,1885.880005,3.02,392.08,224.6
25880,1886.800049,3.03,400.06,227.2
26400,1903.22998,3,401.15,227.7
26800,1940.589966,3.05,403.98,230.8
26960,1946.400024,3.04,405.96,231.8
26500,1932.439941,3.06,402.41,230.5
26900,1956.959961,3.1,399.12,229.8
26900,1957.910034,3.24,408.26,231.9
25900,1946.540039,3.19,405.14,232.3
25660,1946.310059,3.19,402.29,231.6
25640,1943.219971,3.16,402.3,232.2
25280,1935.189941,3.17,399.17,231.3
25740,1942.540039,3.12,396.66,232.2
25500,1919.810059,3.08,398.95,231.6
23600,1917.869995,3.06,397.48,231.9
23900,1916.329956,3.06,397.04,230
24600,1928.540039,3.03,397.42,230.9
24300,1906.380005,3.04,390.7,227.1
24660,1905.119995,3.02,396.18,228.2
24360,1912.709961,3,396.18,228.2
24360,1907.130005,3.01,392.82,227.3
23780,1874.030029,2.99,390.27,224.3
23920,1881.23999,2.99,404.54,228.9
25000,1929.579956,3.06,401.23,232.5
25000,1924.699951,3.03,394.26,230.9
25120,1920,3,396.74,232.6
25880,1950.030029,3.04,397.95,234.2
26020,1950.689941,3.07,401.79,236.1
26720,2007.579956,3.07,406.58,242.2
26300,2002.349976,3.12,402.48,240.6
26300,2004.959961,3.09,400.78,239.8
26280,2007.880005,3.12,398.53,240.9
25740,1990.329956,3.07,394.63,236.5
26040,2002.369995,3.06,395.16,237.4
26540,2003.439941,3.04,389,234.1
26540,1991.410034,3.03,379.38,231.9
26500,1980.439941,3.03,376.97,227.1
26760,1988.699951,3.05,385.46,230.7
26920,1996.209961,3,382.27,229
27380,1996.030029,2.97,382.96,229.9
27340,1992.680054,2.95,383.65,230.3
27400,1995.170044,2.95,383.28,230.9
27460,1981.890015,2.96,379.13,228.5
27440,1979.040039,2.96,373.11,224.6
26500,1948.219971,2.91,368.03,222.8
26080,1933.089966,2.92,368.66,223.8
25920,1933.26001,2.94,366.71,223.2
26000,1925.589966,2.94,372.14,223.9
26600,1941.540039,2.95,380.26,228.2
26720,1955.150024,2.98,379.41,230.8
26740,1959.119995,3.03,376.28,229.8
26040,1943.839966,3.02,364.92,226
26300,1941.589966,3.04,365.51,226
26260,1926.810059,3.03,366.05,225.2
26000,1913.959961,3.01,360.52,224.1
26440,1924.5,3,365.48,222.9
25740,1891.430054,2.98,367.28,220.7
25980,1891.52002,2.98,367.28,220.7
25960,1899.579956,2.97,367.28,220.7
26200,1912.060059,2.96,367.03,222.7
25940,1898.439941,2.96,379.5,227.4
26540,1918.719971,2.97,372.31,224.5
26820,1908.219971,2.99,378.38,228.6
26980,1928.170044,2.99,383.62,230.6
27240,1937.550049,2.99,373.27,227.9
27000,1914.410034,2.96,368.8,225.6
26820,1904.410034,2.97,369.7,227.7
26900,1900.869995,2.99,370.02,228.8
26980,1889.699951,2.97,366.46,226.4
27100,1894.040039,2.97,360.94,226.4
26620,1870.719971,2.96,356.14,224.8
26140,1860.829956,2.96,356,225
26640,1878.099976,2.98,363.14,230.4
27280,1890.180054,2.99,361.81,229.9
27680,1884.040039,2.98,362.51,231.9
28340,1899.5,3.01,362.51,231.9
28740,1911.329956,3.03,369.16,237.5
28080,1908.51001,3.02,370.63,238.2
28320,1925.199951,3.04,369.81,236.2
28260,1912.780029,3.02,373.83,237.7
28280,1934.849976,3.02,374.83,240.2
28120,1932.900024,3.02,374.35,241.2
28600,1940.02002,3.03,372.54,240.6
28600,1935.180054,3.03,375.03,241.7
29100,1947.040039,3.08,374.46,244.5
29080,1949.619995,3.08,378.63,244.8
29600,1957.449951,3.05,379.46,244.9
29820,1957.420044,3.08,381.83,245
29520,1964.619995,3.09,389,246.9
29800,1975.439941,3.1,387.74,248.1
30660,2002.77002,3.14,383.67,248.4
30300,1995.040039,3.14,381.03,247.6
30060,1983.069946,3.15,382.62,248.8
30300,1993.089966,3.19,388.73,251.3
30060,1999.5,3.2,389.49,252.7
28840,1980.420044,3.17,385.59,247
29480,1981.819946,3.2,384.14,246.6
29400,1982.25,3.23,381.01,246.8
29920,1987.349976,3.21,379.55,247.7
30440,1997.050049,3.15,376.87,246.8
31520,2031.099976,3.18,399.73,256.6
30860,2019.410034,3.13,397.54,256.2
30500,2011.939941,3.12,397.68,257.5
30400,2011.25,3.11,395.78,257.4
30000,1997.939941,3.04,391.36,253.9
30000,1991.810059,3.04,395.47,254.8
30600,2006.800049,3.01,400.73,258.4
30660,1996.670044,3.04,402.86,260.4
31040,2007.040039,3.04,401.89,261.6
30240,1983.73999,3.01,399.87,260.3
29840,1977.449951,3.01,404.46,261.4
29380,1974.27002,2.99,412.53,262.9
29600,1987.849976,3.02,410.64,265
29080,1986.859985,3.02,410.64,265
29600,1996.52002,3.01,409.6,267.5
29460,1980.410034,3.01,413.88,266.8
29060,1964.47998,3,410.24,265.1
28340,1946.689941,2.99,415.44,265.2
27440,1939.709961,3.02,416.16,264.9
28180,1955.959961,3.05,413.28,262.6
28800,1964.430054,3.1,414.1,260.7
28960,1961.939941,3.1,412.73,260.6
28820,1957.790039,3.12,420.55,262.9
28740,1953.209961,3.11,414.18,261.3
28700,1938.180054,3.07,420.69,262.6
28540,1936.189941,3.07,421.56,264.3
28400,1931.77002,3.05,419.26,263.7
29240,1950.900024,3.06,424.81,263.6
29360,1945.790039,3.03,426.28,263.8
29740,1976.069946,3.07,427.48,262.3
29800,1979.609985,3.08,431.08,264.3
29960,1981.180054,3.07,428.5,262.4
29800,1981.910034,3.06,428.5,262.4
29840,1985.829956,3.03,433.64,264.6
30900,2024.640015,3.04,423.95,262
31000,2015.219971,3.02,416.27,258.3
30600,2018.890015,3.03,424.98,259.3
30600,2009.52002,3.01,416.66,257.4
30540,2000.01001,2.97,419.89,256.1
30540,2004.040039,2.93,426.46,259
30880,2026.48999,2.94,426.63,259.5
30780,2013.150024,2.94,424.01,258
31000,2016.609985,2.93,432.39,261.1
31200,2020.73999,2.94,432.96,262.1
30400,2004.400024,2.99,434.68,263.6
29980,2006.01001,2.99,435.26,264.1
30160,2003.349976,3.01,435.85,266.4
29880,1993.339966,2.95,437.67,265.5
30540,1999.72998,2.95,439.14,265.5
30400,2002.130005,2.97,441.53,267.1
29600,1986.5,2.93,434.18,266
28900,1968.180054,2.9,428.39,262.8
29500,1978.560059,2.87,426.73,264.5
29200,1959.410034,2.89,432.01,266.4
29140,1950.819946,2.89,425.25,263.9
29100,1948.709961,2.87,430.08,263.3
29900,1977.670044,2.87,429.17,264.3
30180,1983.699951,2.87,433.07,265.4
30080,1993.439941,2.86,433.53,265.1
30200,1993.52002,2.77,436.66,264.3
30540,2004.890015,2.8,436.66,264.3
30240,1995.98999,2.81,427.8,261.5
30500,1986.150024,2.8,424.21,260.6
30420,1983.219971,2.78,415.81,259.4
30120,1959.449951,2.77,421.14,259.6
30100,1927.22998,2.75,418.93,257.8
30400,1918.689941,2.76,424.17,257.8
30560,1920.73999,2.79,428.14,259.8
30420,1935.579956,2.79,437.34,264.3
30800,1949.800049,2.91,435.63,265.5
30340,1924.22998,2.97,433.63,265.1
30460,1920.449951,2.97,422.67,260
30560,1922.209961,2.89,431.85,262.8
30360,1923.839966,2.9,417.65,259.2
29660,1900.060059,2.87,413.88,255
29500,1906.75,2.86,416.97,256.9
30060,1926.310059,2.87,421.37,258.9
29660,1918.630005,2.85,430.21,263.4
29720,1935.310059,2.85,435.65,266.4
29880,1951.599976,2.82,439.98,268.4
29720,1944.560059,2.8,435.29,269.3
29620,1940.699951,2.79,440.8,271.7
30400,1963.949951,2.78,444.36,275.2
30560,1957.209961,2.72,446.89,272.5
30700,1965.709961,2.73,450.92,274.6
30280,1961.47998,2.8,453.47,276
29860,1954.349976,2.8,453.62,277.1
29760,1956.449951,2.83,459.47,279.6
30300,1979.449951,2.84,461.85,279.7
29520,1944.75,2.86,465.94,280.6
29540,1948.699951,2.89,461.28,281.6
30000,1968.829956,2.87,463.33,283.2
30000,1971.26001,2.89,467.82,286
30160,1986.810059,2.88,464.28,286.2
29940,1982.430054,2.92,469.12,287.3
29840,1981.089966,2.92,469.03,287.4
30180,1993.829956,2.94,461.62,285.2
29680,1969.189941,2.93,461.75,280.6
29720,1973.449951,2.94,461.5,281.6
29780,1979.969971,2.92,461.5,281.6
29680,1986.219971,2.94,465.94,283.4
30240,2001.199951,3.04,467.29,283.8
30880,2000.099976,3.04,474.43,285.9
30760,2001.050049,3.1,468.63,286.6
30640,1989.569946,3.12,470.72,285.9
30800,1989.51001,3.11,472.45,286
30420,1959.189941,3.16,465.29,283.2
28540,1923.849976,3.13,471.47,284.5
28500,1932.699951,3.16,473.97,285.6
27780,1920.680054,3.16,463.43,283.5
27700,1909.910034,3.29,458.33,281.3
27140,1882.72998,3.27,467.38,281.9
27380,1889.23999,3.2,465.53,282.3
27320,1883.099976,3.25,472.34,286
27740,1900.619995,3.21,480.06,289.6
27380,1888.310059,3.22,474.51,287.6
26580,1850.48999,3.39,459.72,279.5
26500,1822.829956,3.52,460.85,279.6
26260,1799.01001,3.69,451.55,274
25940,1780.630005,3.57,462.51,278.4
25220,1783.449951,3.51,464.93,282.2
26780,1834.699951,3.42,466.74,285
26840,1863.319946,3.41,468.43,282.7
26520,1855.72998,3.51,467.73,284.4
26700,1855.02002,3.42,468.18,283.9
26020,1824.660034,3.47,469.8,283.5
26340,1839.140015,3.46,469.8,283.5
25340,1833.310059,3.51,476.12,284
24520,1816.849976,3.61,466.5,281.4
24740,1830.349976,3.59,471.41,282.9
24960,1824.160034,3.51,476.7,284.3
26240,1877.599976,3.37,486.56,290
26240,1869.97998,3.39,489.61,290.2
26260,1875.160034,3.43,489.33,292.5
25960,1866.359985,3.44,491.06,292.4
26400,1887.48999,3.46,491.58,292.8
25840,1875.47998,3.42,487.22,291.7
25460,1871.410034,3.4,486.17,290.1
25460,1880.349976,3.4,485.15,292.2
26140,1904.150024,3.4,483.52,295.4
26300,1912.079956,3.43,474.69,294.4
26300,1909.609985,3.52,477.4,296.2
26060,1910.810059,3.52,473.12,294.8
25660,1899.890015,3.47,469.97,292.1
25800,1917.050049,3.46,475.59,295.5
25600,1914.030029,3.5,477.78,295.3
25600,1920.73999,3.49,486.6,298
25720,1923.380005,3.58,483.38,297.3
25480,1916.219971,3.51,482.14,298.6
25080,1906.619995,3.51,478.68,298.7
24440,1878.329956,3.59,474.12,295.8
24340,1883.969971,3.58,474.31,296.9
24600,1880.709961,3.58,471.76,297.1
24640,1884.829956,3.53,473.62,298.4
25800,1913.030029,3.56,479.07,302.1
26000,1923.910034,3.66,471.34,301.8
25900,1920.109985,3.7,462.46,297.8
25720,1917.640015,3.75,459.29,296.9
25380,1887.849976,3.64,461.83,296.6
25120,1867.459961,3.67,458.53,295.4
25100,1849.119995,3.73,463.83,296.9
25900,1870.160034,3.72,463.82,299.4
26000,1887.859985,3.66,462.92,298.7
26080,1885.839966,3.64,451.21,294.4
26180,1884.52002,3.59,456.39,295
26880,1907.540039,3.58,461.82,298.9
27360,1926.359985,3.53,457.7,296.9
27020,1924.810059,3.56,457.7,296.9
26740,1933.73999,3.6,461.64,305.5
26800,1933.030029,3.64,473.56,310.6
27300,1951.650024,3.7,477.04,312.8
27380,1955.310059,3.7,475.1,313.1
27460,1974.670044,3.59,481.42,318.6
27920,1994.060059,3.61,490.65,319.8
28040,2003.849976,3.57,489.04,318.7
28200,2004.060059,3.54,486.06,318.5
28120,1994.319946,3.58,488.23,319
28500,2013.369995,3.5,490.35,320.1
27720,2005.579956,3.48,493.4,319.6
27200,2009.410034,3.4,491.29,322.6
27460,2007.099976,3.4,494.73,322.9
27280,1998.060059,3.38,494.95,323.2
27440,2007.319946,3.46,494.71,323
27320,2011.800049,3.44,490.81,321.6
27340,1996.959961,3.42,490.83,320.5
27640,1998.869995,3.43,495.77,324.1
28360,1999.469971,3.41,495.1,324.5
28360,1996.97998,3.4,497.72,324.9
28720,1994.420044,3.42,495.09,323.1
28600,2002.76001,3.45,486.82,319.3
28600,2001.400024,3.51,496.48,322.3
28860,2024.900024,3.51,497.38,322.7
28760,2020.27002,3.54,500.98,324.1
29140,2040.959961,3.54,496.5,323.5
29000,2034.609985,3.52,501.58,324.9
29260,2040.609985,3.49,505.09,328
29440,2052.399902,3.44,506.44,330.2
29280,2053.01001,3.45,508.04,331.2
29100,2056.120117,3.44,507.12,332.1
28840,2035.75,3.34,490.11,326.6
28980,2046.689941,3.38,494.15,325.3
28980,2034.390015,3.36,496.3,323.1
29640,2048.139893,3.4,499.49,323.7
29800,2051.76001,3.39,507.04,324.9
30000,2059.580078,3.35,504.33,324.2
29300,2030.089966,3.39,507.09,323.9
30000,2039.420044,3.45,505.4,321.8
29980,2025.170044,3.49,504.68,323
29700,2013.930054,3.5,503.13,322.5
29020,2013.670044,3.5,504.91,323.2
28740,2004.040039,3.51,495.2,317.8
28200,1984.869995,3.49,500.98,317.9
28560,1977.300049,3.58,500.4,317.9
29120,1995.47998,3.59,503.61,319.1
28380,1963.560059,3.56,508,319.9
28480,1967.560059,3.56,505.39,319.5
29240,2005.640015,3.58,508.94,322.5
29480,2010.810059,3.58,504.22,322.2
29780,2031.640015,3.63,497.88,318.7
29400,2017.23999,3.63,495.63,318.5
28800,1993.780029,3.68,504.23,321.1
29000,2006.22998,3.65,504.61,322.1
29300,2015.97998,3.62,504.01,323
29580,2022.640015,3.62,508.32,324.7
29400,2028.810059,3.63,510.01,326.6
29880,2045.77002,3.64,510.01,326.6
29880,2044.869995,3.67,510.25,328.3
29340,2030.780029,3.72,509.4,326.5
29220,2009.359985,3.71,511.2,325.4
28640,1986.800049,3.72,508.77,323.8
28800,1984.77002,3.76,509.95,324.8
28560,1980.410034,3.73,515.63,326.2
29080,2000.380005,3.69,516.81,327.9
28800,1993.449951,3.69,515.34,327.2
28400,1977.969971,3.7,510.17,323.9
28200,1967.930054,3.71,505.84,321.1
27800,1962.910034,3.68,505.52,320.7
28000,1961.150024,3.64,512.15,322.6
27900,1965.73999,3.6,517.18,323.5
28020,1974.630005,3.61,521.07,325.4
28540,1975.650024,3.62,517.78,324.4
28540,1983.349976,3.62,522.09,325.8
28660,1996.890015,3.58,526.65,328.8
28300,2001.589966,3.58,528.35,331.8
28160,1999.300049,3.57,529.83,331.3
27920,2002.280029,3.54,529.96,332.6
27440,2011.339966,3.57,531.57,333
26180,1967.189941,3.67,527.75,330.6
25920,1946.140015,3.69,526.68,330.5
26140,1953.280029,3.66,523.77,329.3
26080,1959.439941,3.65,527.43,331
25820,1958.959961,3.64,535.76,332.8
25500,1946.109985,3.67,531.49,330.2
25440,1938.540039,3.64,533.7,330.5
25900,1948.920044,3.61,527.66,329.6
26260,1946.069946,3.62,539.61,333.6
25980,1953.280029,3.65,544.21,338
26020,1957.319946,3.65,541.05,335.9
25840,1944.47998,3.64,538.14,336.2
26320,1953.780029,3.65,538.14,336.2
26480,1963.890015,3.66,541.5,339.7
26560,1970.420044,3.68,547.47,341.4
25980,1947.589966,3.65,541.49,337.8
26140,1940.560059,3.59,528.89,331.8
25840,1910.339966,3.6,525.27,328.9
25660,1916.930054,3.6,527.54,330
25600,1941.150024,3.62,525.14,329.7
25440,1919.959961,3.6,517.46,322.7
24980,1886.849976,3.54,518.34,322.7
24740,1891.319946,3.54,518.46,322.3
25180,1907.890015,3.55,526.67,327.3
25500,1922.5,3.56,535.31,331.8
25540,1923.300049,3.54,538.04,332.3
26220,1932.060059,3.52,544.86,334.7
26140,1935.839966,3.54,549.48,337.1
25960,1926.959961,3.5,556.02,338.1
26020,1940.280029,3.48,559.12,337.6
25700,1946.359985,3.49,559.12,337.6
25900,1946.910034,3.52,560.45,341.4
25800,1942.930054,3.49,560.02,340.2
25720,1930.569946,3.48,564.06,341.7
26600,1957.829956,3.52,561.21,341.2
26560,1949.050049,3.51,563.37,346.3
26680,1964.859985,3.5,560.54,346.8
26840,1970.77002,3.51,564.29,350
26820,1978.430054,3.49,564.22,351.4
26980,1979.98999,3.5,563.83,351.6
26500,1964.689941,3.56,560.23,350.9
26300,1954.109985,3.581,570.13,354.7
26600,1971.23999,3.569,571.3,355.9
26520,1975.619995,3.572,575.02,356.4
26780,1974.680054,3.587,574.39,355.5
26400,1954.420044,3.572,573.22,353.6
26440,1963.869995,3.564,570.08,352.3
25880,1932.540039,3.54,574.92,352.1
25800,1934.380005,3.53,565.14,349.3
25500,1919.900024,3.475,562.48,348.2
25320,1927.530029,3.515,569.5,351.1
25560,1940.209961,3.535,577.19,354.1
25380,1937.680054,3.524,576.69,353.8
25240,1919.52002,3.539,587.63,353.5
25460,1934.939941,3.566,582.54,351.2
25460,1945.550049,3.561,579.85,351.6
24940,1941.25,3.543,584.33,353
25700,1964.310059,3.547,577.84,350.5
26660,1977.969971,3.528,573.32,349.6
26700,1981,3.514,577.48,349.3
26860,1985.609985,3.518,586.74,353.8
26780,1991.97998,3.542,595.91,357.4
27140,1997.25,3.561,594.94,359.1
27800,1993.699951,3.56,595.93,358.9
27600,1988.089966,3.561,579.19,353.5
27940,1989.699951,3.525,573.91,352.2
27880,1993.030029,3.541,581.18,354.7
27420,1998.949951,3.518,587.72,357.5
27600,2008.609985,3.536,569.15,351.9
27300,1997.439941,3.529,560.34,347
27400,1997.02002,3.538,565.02,345.3
27400,1992.27002,3.539,569,345.9
27600,1992.209961,3.547,567.9,349.4
27400,1992.050049,3.518,578.41,352.5
27560,2004.280029,3.545,578.41,352.5
27600,1999.219971,3.562,583.48,354.5
27500,2004.219971,3.56,589.11,357.5
27780,2000.369995,3.546,588.43,358.8
28140,1998.339966,3.549,591.64,360.2
27980,1971.660034,3.529,572.19,353.9
27760,1969.26001,3.527,568.55,351.4
27200,1964.77002,3.524,572.99,354.1
26860,1961.790039,3.528,575.97,355
26920,1959.439941,3.507,575.49,357.1
26880,1939.880005,3.469,573.99,354.6
27000,1950.599976,3.464,577.83,354.5
26700,1956.550049,3.43,575.97,353.6
27760,1964.939941,3.439,586.48,358.1
28000,1982.930054,3.455,581.88,357.4
28300,2010.829956,3.445,576.8,356.4
28200,2010.199951,3.375,570,353.9
28560,2013.439941,3.391,576.01,354.1
28960,2015.140015,3.383,582.05,356.3
29020,2011.26001,3.389,578.58,354.2
28820,2008.329956,3.375,581.81,355.6
28520,2015.589966,3.407,584.3,358.8
28560,2017.170044,3.387,589.91,361.1
28440,2010.349976,3.373,589.91,361.1
28140,1997.630005,3.368,597.08,364.2
28660,2017.060059,3.362,597.66,366.1
29200,2012.26001,3.325,598.96,368
28860,1994.959961,3.34,599.59,368.2
29100,2002,3.363,602.84,368.2
29400,2008.560059,3.375,608.43,368.3
29140,1995.47998,3.39,614.3,373
28180,1990.040039,3.383,618.44,375.3
28720,2011.800049,3.347,620.26,377.7
28440,2014.670044,3.359,623.48,379.4
28260,2011.650024,3.313,621.35,377.9
27340,1990.849976,3.307,627.49,378.3
27480,1993.589966,3.318,630.93,377.7
27480,2001.550049,3.304,635.5,379.5
27160,1989.48999,3.305,633.2,379.9
26460,1992.030029,3.253,633.98,381.6
26020,1968.069946,3.22,635.42,381.3
26440,1974.920044,3.233,633.13,380.2
26900,1994.349976,3.212,628.5,379
26400,1981.77002,3.217,630.87,378.7
26500,1995.050049,3.211,628.28,379
26220,1988.51001,3.18,629.27,378.7
26440,2002.209961,3.164,635.93,381
26200,1999,3.169,644.71,385.6
26600,2015.280029,3.107,645.78,385
26360,2010.969971,3.101,650.55,387.7
26120,2009.660034,3.119,650.55,387.7
25840,2005.119995,3.13,646.1,386.4
25900,2006.660034,3.153,642.64,383.9
26160,2000.5,3.159,646.56,383.9
26120,2002.839966,3.081,643.47,382.5
25680,1988.73999,3.066,643.88,381.8
25720,1993.880005,3.072,646.12,383.7
26400,2012.719971,3.072,644.44,382.5
26420,2013.47998,3.033,651.76,380.9
26600,2020.900024,2.944,635.32,376.9
26860,2019.420044,2.972,643.44,382.3
27060,2018.5,2.999,645.02,382
26960,2028.930054,2.995,649.35,385.7
26760,2028.319946,2.972,634.45,382.2
27100,2026.619995,3.01,629.13,382.9
27100,2033.849976,3.008,616.65,380.2
27160,2048.810059,3.009,616,380.1
27720,2061.969971,3.037,614.43,378.9
27900,2082.610107,3.033,620.6,381
26860,2076.120117,3.053,607.55,373.4
25840,2073.100098,3.099,609.76,372
26340,2080.419922,3.101,612.29,373.6
26320,2066.26001,3.067,605.31,371.2
26000,2060.72998,3.103,607.71,371.3
25800,2054.51001,3.084,599.38,367.9
25000,2031.099976,3.04,606.23,369.2
25400,2039.369995,3.039,612.02,373.5
25320,2041.469971,3.062,611.32,372.5
25280,2062.360107,3.07,616.95,375.3
25220,2063.219971,3.065,618.26,375.9
25000,2053.129883,3.099,627.47,380.3
25080,2071.139893,3.149,631.47,382.2
25220,2072.780029,3.143,636.62,382.4
24700,2044.209961,3.144,639.11,383.4
24940,2056.699951,3.148,639.72,382.5
24560,2060.889893,3.11,637.25,383
24440,2068.050049,3.07,637.55,383.6
24600,2074.929932,3.038,638.57,385.2
24840,2075.76001,3.049,640.49,384.6
24680,2068.540039,3.036,645.25,388.3
24520,2067.860107,3.037,645.25,388.3
23880,2051.580078,3.059,642.53,388.4
23780,2051.199951,3.103,644.08,389.5
24200,2056.26001,3.101,645.72,388.1
24020,2049.409912,3.075,651.24,387.9
23840,2034.160034,3.084,648.14,388.9
24020,2041.859985,3.017,639.89,386.4
24000,2035.819946,3.049,632.24,383.8
24120,2042.920044,3.034,643.12,384.4
24520,2062.610107,3.039,647.83,384.3
24200,2047.73999,3.021,657.36,384.5
24200,2053.820068,3.025,649.54,382.1
23760,2039.27002,2.991,641.35,376.7
23220,2028.910034,2.983,639.85,375.9
23000,2035.640015,2.976,647.53,378
23120,2034.109985,2.963,635.42,372.7
23700,2031.640015,2.942,643.34,375.2
23900,2026.599976,2.916,644.23,372.7
23680,2020.089966,2.86,638.48,370.2
23120,1991.540039,2.809,623.36,365
22820,1976.160034,2.839,619.66,363.4
23020,1968.390015,2.849,617.97,365.4
23240,1972.910034,2.85,606.2,360
22600,1965.25,2.851,619.97,363.4
22100,1940.920044,2.817,561.4,343.8
22160,1927.209961,2.824,549.47,339.6
22540,1929.25,2.833,559.67,341.5
22500,1925.910034,2.822,562.34,341.7
22300,1918.829956,2.764,570.73,342.8
21780,1900.660034,2.736,575.33,344
22120,1930.060059,2.779,584.15,350.2
21660,1915.280029,2.758,605.25,354.2
22080,1936.969971,2.759,596.93,352.9
21880,1931.650024,2.725,605.64,357.4
22240,1925.689941,2.698,612.05,357.2
21900,1931.969971,2.721,614.23,357.6
21820,1925.680054,2.722,623.46,366.1
22600,1961.170044,2.707,624.19,369.3
23620,1958.930054,2.686,616.96,369.9
24880,1964.430054,2.643,640.86,376.9
24700,1952.969971,2.657,644.77,377.4
24340,1935.189941,2.629,642.99,377.4
24040,1931.430054,2.636,649.04,377.8
24080,1936.47998,2.65,643.3,375.7
24120,1939.869995,2.665,637.48,374.5
25360,1958.22998,2.686,642.25,376.8
24620,1963,2.719,640.43,377
24600,1967.27002,2.755,639.76,376.6
24000,1960.51001,2.776,639.8,376.9
23880,1945.140015,2.774,645.56,378.6
24100,1943.630005,2.764,642.55,374.9
24400,1967.01001,2.746,654.77,378.2
24360,1966.869995,2.739,650.18,376.1
24200,1958.040039,2.713,656.27,376.8
24460,1964.839966,2.724,662.95,380
24400,1978.540039,2.683,669.47,382.6
23800,1980.209961,2.649,669.36,383.9
24020,1980.839966,2.631,683.48,387.1
25280,1982.089966,2.637,683.48,387.5
25740,1980.780029,2.587,685.74,387.6
25900,1965.219971,2.6,676.69,382.9
25900,1965.829956,2.602,681.35,384.7
25960,1969.910034,2.68,695.28,387.4
26000,1986.609985,2.721,696.16,388.6
26040,1986.619995,2.728,703.12,389.9
26380,1978.949951,2.788,693,385.3
26980,1970.949951,2.752,692.84,385.5
26340,1945.560059,2.759,679.97,380.7
26100,1916.589966,2.705,683.15,381.7
25720,1921.709961,2.695,671.33,377
25460,1920.359985,2.695,665.71,372.4
25580,1904.130005,2.67,661.3,370.8
25320,1900.160034,2.684,675.58,374.4
25320,1897.5,2.721,688.12,378.6
26560,1929.97998,2.731,686.09,378.3
26900,1943.119995,2.673,696.68,383.7
26780,1939.02002,2.686,695.32,382.7
26860,1946.609985,2.669,696.35,384.8
27040,1948.160034,2.645,697,386.4
26580,1927.859985,2.61,695.08,385.4
26540,1915.589966,2.598,690.99,383.7
26600,1926.439941,2.662,686.73,380.8
26660,1915.75,2.629,673.59,375.9
25900,1882.449951,2.552,658.83,370.9
26140,1883.829956,2.562,665.27,373.8
26280,1904.650024,2.559,684.65,380.9
26280,1924.699951,2.539,685.52,381.1
26320,1920.949951,2.447,671.82,379.6
26780,1917.140015,2.428,665.58,378.5
26900,1913.660034,2.367,661.65,381.8
26680,1914.140015,2.447,656.51,376.3
26320,1888.130005,2.334,663.86,378
26860,1902.619995,2.385,663.86,379.4
27440,1918.310059,2.36,670.57,380.4
27900,1921.22998,2.369,678.16,382.6
27560,1920.819946,2.407,682.48,386.5
27720,1936.089966,2.327,680.54,388.2
27780,1935.680054,2.298,682.39,389.8
28000,1952.400024,2.3,669.79,387
27560,1961.579956,2.261,666.07,385.7
27200,1951.02002,2.224,666.63,386.8
27300,1949.26001,2.24,653.14,383.4
27360,1952.680054,2.243,655.19,383
27320,1951.959961,2.213,666.93,387
27180,1962.790039,2.26,669.15,387.9
27160,1952.839966,2.278,675.69,392
27440,1955.52002,2.276,671.84,390.7
27900,1947,2.293,664.54,387.7
27560,1935.859985,2.366,687.03,391.3
27100,1945.699951,2.349,689.25,391.6
26880,1941.630005,2.41,700.19,397.2
27220,1957.5,2.4,705.08,399.8
27480,1958.22998,2.472,705.08,400.1
27540,1961.449951,2.384,707.14,401.2
27340,1968.390015,2.423,706.7,401.4
27340,1976.119995,2.43,716.12,404.6
27580,1990.469971,2.379,711.99,406.1
27500,1993.079956,2.367,716.67,409.5
27140,1985.800049,2.348,714.65,409.4
28460,1996.810059,2.329,734.51,411.7
28360,2001.380005,2.351,720.26,408.2
28740,1998.290039,2.363,719.54,407.9
28440,1998.380005,2.354,720.25,407.6
28840,2012.939941,2.322,712.42,404.2
28400,1992.819946,2.37,715.03,402.8
28420,1984.77002,2.385,701.3,396.4
29480,1980.829956,2.316,703.16,397.4
28940,1970.589966,2.335,702.77,400.5
29140,1985.790039,2.355,707.79,399.6
29400,1987.329956,2.317,718.53,402.5
29940,2029.910034,2.32,713.19,402.8
30060,2028.449951,2.287,718.48,406.7
29400,2037.890015,2.22,720.2,406.6
29280,2037.23999,2.207,730.91,410.2
29340,2036.589966,2.19,723.96,411.2
29520,2041.369995,2.195,717.78,411.2
29700,2042.810059,2.183,684.73,404
28420,2022.560059,2.18,675.24,401.8
28420,2019.800049,2.191,694.32,403.5
28560,2030.040039,2.169,703.74,406.5
28820,2041.030029,2.163,695.48,403.9
28460,2028.449951,2.149,691.19,403.7
28680,2029.069946,2.127,689.17,405.9
28680,2045.420044,2.092,689.17,406.9
29400,2046.430054,2.073,692.68,409.7
29240,2047.030029,2.106,692.94,409.7
29580,2059.26001,2.11,697.45,412.6
29660,2058.870117,2.082,706.18,415
29800,2087.76001,2.066,709.05,417.3
29580,2098.919922,2.1,704.52,417.5
29480,2111.719971,2.124,697.85,417.2
28920,2119.959961,2.122,709.32,417.2
29540,2139.899902,2.163,706.08,418.4
29000,2143.5,2.105,696.09,412.6
28600,2146.709961,2.14,702.29,414.1
28880,2144.790039,2.173,707.12,415.1
29220,2143.889893,2.174,716.82,418.9
29020,2173.409912,2.266,705.46,418.8
28200,2159.800049,2.279,693.73,417.9
27900,2157.540039,2.294,696.11,418
27320,2147.669922,2.369,696.24,416.7
27700,2142.629883,2.396,692.19,414.8
28200,2127.169922,2.401,686.29,406.4
28000,2132.22998,2.48,704.03,409.3
27240,2104.580078,2.536,687.45,403
27400,2091,2.555,695.2,402.5
26760,2085.52002,2.435,702.13,406.8
26720,2097.379883,2.457,702.31,406.3
26620,2096.77002,2.593,696.18,404.3
26660,2114.159912,2.545,700.13,407.1
26800,2120.330078,2.502,708.32,410.8
26520,2106.5,2.542,709.52,411.8
26400,2113.719971,2.513,716.54,413.8
26760,2120.850098,2.556,713.39,412.4
27320,2139.540039,2.485,714.48,413
27040,2122.810059,2.503,718.44,414.1
27000,2146.100098,2.49,720.2,414
27240,2143.5,2.484,714.75,411.4
26280,2107.5,2.442,742.35,416.1
26180,2110.889893,2.411,743.27,416.7
26140,2114.800049,2.313,745.41,416.4
25820,2102.370117,2.342,746.08,416.4
26060,2078.639893,2.322,737.28,416.6
25460,2063.159912,2.42,732.7,415.6
26740,2072.860107,2.478,725.81,414.9
26820,2068.100098,2.475,726.29,411.4
26280,2065.189941,2.489,712.37,406.2
25640,2064.030029,2.442,711.6,402.6
25240,2051.320068,2.483,720.94,406.4
25140,2056.610107,2.519,720.53,406.6
25540,2052.169922,2.478,714.13,406.3
25400,2042.319946,2.499,712.63,404.9
25100,2028.719971,2.512,715.07,402.7
25080,2034.859985,2.559,715.19,402.5
25300,2041.880005,2.518,725.6,405.5
25320,2046.959961,2.438,723.37,404.8
25620,2055.159912,2.5,728.22,408.8
26420,2081.199951,2.481,723.88,408.8
26040,2085.530029,2.483,716.49,404.4
25380,2085.060059,2.471,715.83,404.5
25560,2090.26001,2.482,698.36,400
25620,2060.48999,2.455,678.07,389.9
25360,2074.199951,2.442,680.54,389.5
25900,2097.889893,2.468,682.13,391.4
25980,2107.330078,2.529,685.51,390
25360,2104.409912,2.525,685.51,389.5
24600,2053.929932,2.465,675.11,382.7
24800,2040.290039,2.494,672.91,379.8
24780,2016.209961,2.479,655.25,371.7
25300,2027.810059,2.483,646.64,371.9
25180,2031.170044,2.502,658.88,377.4
25320,2061.52002,2.511,663.97,379.6
24500,2059.22998,2.505,671.16,382
24700,2072.909912,2.497,667.02,380.1
25640,2087.889893,2.479,668.61,381.6
26100,2076.790039,2.471,667.05,382.9
25500,2073.310059,2.468,662.5,381.1
25260,2083.620117,2.456,662.86,384.1
25060,2064.72998,2.433,646.13,378.2
24680,2065.070068,2.362,655.51,379.8
24580,2045.959961,2.33,642.48,377.9
24600,2038.810059,2.344,637.88,373.6
24600,2039.099976,2.392,650.9,377
25260,2037.619995,2.369,651.75,379.4
24300,2019.030029,2.39,654.15,380
23700,2030.160034,2.425,646.29,379.5
23500,2008.48999,2.403,644.35,376.1
23640,2027.98999,2.405,637.18,374
23180,2029.76001,2.433,644.62,376.6
22300,2013.290039,2.416,633.13,372.3
22720,2010.22998,2.42,636.82,371.4
22820,2003.170044,2.36,652.65,375.8
23140,1986.650024,2.326,637.85,371.3
23080,1975.469971,2.266,641.52,371
22800,1983.459961,2.295,634.87,368.7
22800,1983.459961,2.29,631.04,368.8
22080,1968.52002,2.285,637.25,369.4
22620,1956.26001,2.272,624.01,366.2
23080,1939.380005,2.307,618.32,362.7
22780,1914.550049,2.281,594.78,354.9
22020,1876.069946,2.258,578.59,346.4
21580,1829.810059,2.205,566.58,334.3
21580,1846.630005,2.221,559.59,333.7
21340,1894.089966,2.256,587.82,344.1
21340,1908,2.264,609.76,352.7
21620,1937.670044,2.299,613.91,355.7
21780,1941.48999,2.29,611.04,353.5
21700,1914.22998,2.317,590.12,345.4
21800,1915.219971,2.256,603.78,348.6
22440,1915.530029,2.272,608.58,350.9
22580,1886.040039,2.243,597.62,345.8
22240,1883.219971,2.224,597.62,346.8
22620,1878.680054,2.238,624.06,354.9
22940,1934.199951,2.249,612.83,356.8
22680,1962.109985,2.236,615.34,357.7
22300,1941.369995,2.237,615.81,356.8
22480,1931.459961,2.269,617.67,356.3
22460,1937.560059,2.254,625.14,357.6
23040,1975.449951,2.272,626.57,361.8
23140,1976.48999,2.281,621.05,363
23800,1995.949951,2.19,610.75,359.6
23000,1964.680054,2.16,608.73,357.2
22900,1982.060059,2.157,595.06,354.2
22620,1944.640015,2.133,590.74,351.1
22520,1947.099976,2.161,589.71,347.6
22240,1942.849976,2.13,592.88,349.6
22680,1962.810059,2.056,602.73,350.6
22680,1979.319946,2.106,595.62,349.7
22380,1969.680054,2.084,608.46,354.1
22300,1978.25,2.045,619.85,360.6
23020,1990.650024,2.06,621.95,362.2
25020,2005.839966,2.085,631.32,367.8
25400,2019.530029,2.097,634.81,369.2
25200,2021.630005,2.137,630.54,372.4
25040,2019.050049,2.137,622.28,371.4
25080,2009.550049,2.134,645.7,373.3
25380,2033.27002,2.071,651.89,379
25300,2030.26001,2.065,652.63,379.4
25120,2030.27002,2.085,652.88,380.7
25320,2039.359985,2.096,651.87,380.9
25400,2042.97998,2.11,653.24,378.2
25600,2023,2.12,675.95,381.2
25780,2040.400024,2.108,683.71,383.4
25840,2048.080078,2.096,670.19,381.4
25960,2044.650024,2.06,665.71,378.1
26160,2042.51001,2.041,677.21,383.2
26500,2034.160034,2.054,656.94,379.2
27440,2029.469971,2.107,662.52,379.6
27660,2035.23999,2.111,668.53,382.9
27040,2048.399902,2.152,671.69,386.3
26600,2052.77002,2.175,673.48,386.7
26840,2049.409912,2.16,659.36,385.8
26760,2041.069946,2.199,676.47,386.9
26880,2025.699951,2.281,669.94,384.2
26420,1996.589966,2.282,657.96,378.7
26660,1997.27002,2.321,658.28,376.8
26340,1993.359985,2.322,649.77,373.8
26000,1973.290039,2.335,643.71,368.8
25260,1943.02002,2.28,652.03,370.5
25400,1963.579956,2.304,655.82,372.4
25620,1962.880005,2.292,662.14,373.8
25780,1988.910034,2.265,663.63,377
25700,1989.859985,2.254,665.76,380.4
25640,2003.699951,2.291,657.18,378.1
25980,2016.290039,2.277,665.61,379.5
25980,2009.420044,2.254,666.09,379.7
26700,2030.680054,2.239,666.09,381.1
26540,2028.98999,2.272,670.51,380.6
25680,1991.969971,2.249,677.14,378.1
26420,2023.930054,2.271,686.52,382.3
26000,2009.290039,2.254,682.69,378.1
25800,1994.069946,2.264,678.72,374.4
25380,1974.400024,2.315,691.49,377.6
25240,1963.670044,2.296,684.86,374.9
25240,1949.040039,2.238,679.03,370.6
25260,1948.23999,2.215,670.29,367.2
25660,1952.069946,2.229,674.23,363.8
25680,1948.619995,2.24,660.78,359.9
25220,1927.819946,2.218,656.49,357.3
25540,1932.969971,2.222,666.47,361
25980,1969.400024,2.219,671.7,365.6
25800,1977.959961,2.164,661.71,363.5
25560,1975.319946,2.108,653.72,362.3
25600,1981.189941,2.095,666.13,365.1
25840,1992.560059,2.115,667.11,365.5
25900,1999.219971,2.107,671.78,369.8
25700,1990.650024,2.096,674.39,370.5
25320,1964.060059,2.092,671.75,370.8
25080,1966.310059,2.059,679.78,373.9
25200,1961.310059,2.068,673.08,371.2
24100,1918.76001,2.035,656.28,361.9
24160,1930.530029,2.062,649.47,359.5
23500,1925.430054,2.037,631.2,353.1
23260,1904.329956,2.019,610.25,344.5
23420,1917.619995,2.057,600.48,343.1
23040,1894.839966,2.021,603.55,340.3
22920,1890.859985,2.046,608.56,340.6
22960,1916.280029,2.023,589.48,337
22760,1900.01001,2.028,601.57,338.7
22640,1878.869995,2.023,574.29,329.1
22520,1878.449951,2.04,574.29,329.6
23420,1889.640015,2.068,575.18,330.8
22760,1845.449951,2.01,578.94,327.6
22620,1840.530029,1.994,587.56,328.4
23360,1879.430054,2.041,598.42,339.3
23240,1893.430054,2.019,589.81,337
22740,1871.689941,1.99,595.86,339.7
23500,1897.869995,2.011,588.68,339.2
22900,1906.939941,2.015,586.85,335.1
23000,1912.060059,1.98,613.68,345.3
23260,1924.819946,1.922,616.6,344.9
23120,1906.599976,1.924,595.7,339.1
22920,1890.670044,1.865,597.11,338.1
23120,1916.26001,1.871,607.72,340.6
23280,1917.790039,1.88,586.25,334.7
22600,1861.540039,1.764,559.18,326
22600,1835.280029,1.811,571.9,327.9
23080,1862.199951,1.822,571.9,331.8
23360,1888.300049,1.78,591.93,340.3
23700,1883.939941,1.787,606.05,344.5
23740,1908.839966,1.804,602.52,347.4
23800,1916.23999,1.811,605.46,346.3
23500,1916.359985,1.827,615,349.8
23620,1914.219971,1.834,604.87,346.6
23440,1912.530029,1.817,613.34,347.4
23580,1918.569946,1.811,621.07,349.4
23440,1920.160034,1.78,624.65,350.1
23560,1916.660034,1.786,622.11,350.8
23940,1947.420044,1.826,643.31,359.7
24400,1958.170044,1.862,643.89,361.6
24300,1955.630005,1.887,650.62,364.5
24460,1957.869995,1.872,652.68,367.8
23840,1946.119995,1.847,638.01,362
23880,1952.949951,1.843,643.27,363.8
24500,1969.329956,1.863,646.58,363.9
24980,1971.410034,1.916,659.14,370.6
25100,1972.27002,1.913,656.35,372.7
25060,1969.969971,1.919,655.41,368.3
25120,1974.900024,1.918,661.19,371.1
25260,1987.98999,1.863,665.95,375.4
25460,1992.119995,1.826,675.03,377.8
25340,1989.76001,1.823,675.96,377.3
25380,1996.810059,1.844,675.3,377.6
25580,1995.119995,1.88,666.46,371.4
25640,1985.969971,1.844,666.14,368.8
25760,1983.810059,1.835,666.14,369.3
25880,1982.540039,1.84,665.21,367.5
25800,1994.910034,1.805,674.14,371.7
26160,2002.140015,1.774,680.79,376.4
26240,1995.849976,1.787,676.89,376.9
25580,1973.569946,1.79,681.59,373.1
26100,1978.969971,1.768,675.39,372.7
25200,1962.73999,1.789,671.33,368
25700,1971.319946,1.787,678.21,370.1
25380,1973.890015,1.799,667.46,366.4
24920,1972.050049,1.798,671.31,368.3
25320,1970.369995,1.794,670.6,369.8
25500,1981.319946,1.796,669.74,368.9
26000,2015.930054,1.848,679.28,375.4
26000,2014.709961,1.842,673.49,375
25980,2009.099976,1.841,673.96,373.1
25760,2011.359985,1.85,665.61,374.7
25980,2005.829956,1.806,672.15,375.4
25880,2022.099976,1.823,667.68,373.1
25600,2015.48999,1.819,669.03,372.3
25620,2014.550049,1.829,665.32,370.3
25920,2019.630005,1.82,674.42,372.2
26000,2015.400024,1.809,681.26,373.6
25300,2000.930054,1.799,662.69,369.9
24900,1994.150024,1.793,645.34,365.3
25000,1978.150024,1.808,650.27,367.2
25220,1986.410034,1.794,642.62,363.6
25800,1976.709961,1.772,634.9,359.6
25980,1967.810059,1.757,636.54,350.9
25920,1982.5,1.767,644.3,354.1
25840,1980.099976,1.767,642.29,352
25620,1977.48999,1.764,630.77,349.3
25060,1966.98999,1.767,633.26,347.3
24960,1967.910034,1.77,643.33,351.6
25280,1968.060059,1.792,638.89,351.1
25360,1956.72998,1.806,649.35,352.6
25400,1946.780029,1.834,644.74,349.9
25380,1947.670044,1.805,665.08,353.9
25720,1955.25,1.803,669.46,357
25420,1937.680054,1.77,685.64,359.8
25900,1960.51001,1.784,689.47,364.6
25920,1957.060059,1.789,691.58,368.7
25640,1969.170044,1.781,695.71,371.3
25600,1967.130005,1.811,695.71,371.4
25840,1983.400024,1.812,699.36,372.6
26660,1982.719971,1.76,703.29,374.4
27300,1985.109985,1.763,703.43,375.9
27540,1985.839966,1.743,705.6,378.4
27960,2011.630005,1.712,710.55,380.9
28120,2027.079956,1.702,710.19,382.8
28600,2024.170044,1.663,710.92,382.9
28120,2017.630005,1.641,699.04,377.3
27420,1979.060059,1.618,695.42,370.2
27600,1972.030029,1.632,695.47,370.3
28260,1968.829956,1.622,694.86,372.7
28180,1951.98999,1.582,694.78,370.4
28520,1953.400024,1.598,689.09,369.7
28620,1981.119995,1.637,697.08,376
28960,1982.699951,1.624,699.4,377.7
28900,1992.579956,1.64,699.4,377.7
28600,1986.709961,1.631,716.67,382.7
28000,1925.23999,1.497,675.4,363.2
27960,1926.849976,1.481,648.32,355.8
27980,1936.219971,1.485,665.75,363.2
27920,1956.359985,1.464,679.37,368.7
28500,1970.349976,1.468,691.67,374.1
29320,1987.319946,1.41,685.01,375.3
29320,1995.300049,1.412,685.01,375.3
29380,1989.849976,1.419,672.51,370.4
28420,1953.119995,1.389,673.55,366.7
29000,1974.079956,1.379,681.82,370.3
29200,1963.099976,1.375,701.07,375.9
29780,1988.540039,1.381,708.9,380.4
29280,1991.22998,1.393,718.36,384.3
29620,2005.550049,1.391,718.9,385.8
30000,2008.77002,1.367,724.23,388.5
30360,2017.26001,1.396,723.64,389.3
30660,2021.109985,1.415,734.54,390.5
30660,2016.890015,1.428,731.78,389.1
30800,2015.459961,1.419,743.74,392.6
30860,2012.219971,1.438,738.3,392.5
30320,2010.339966,1.418,742.37,393.9
30040,2012.319946,1.424,746.44,395.2
30600,2027.339966,1.411,774.92,395.6
30540,2025.050049,1.404,774.93,398.8
30140,2021.099976,1.359,770.52,398.4
30780,2016.189941,1.388,766.78,399.4
31360,2029.609985,1.363,768.02,401.4
30960,2019.030029,1.379,755.73,396.4
30340,1994.790039,1.425,756.53,396.6
30340,2000.030029,1.41,763.57,398.4
31220,2017.939941,1.388,773.78,402.2
31380,2031.119995,1.433,772.44,403.4
31340,2043.780029,1.427,778.78,405.4
30820,2044.640015,1.39,772.82,404.1
31180,2048.800049,1.396,776.26,405.3
30900,2050.469971,1.41,779.84,406.1
31360,2047.76001,1.395,784.61,409.3
31320,2043.75,1.435,784.61,408
32800,2055.469971,1.416,790.16,409.6
33500,2056.23999,1.422,797.06,409
33300,2042.160034,1.435,797.29,407
33740,2049.929932,1.422,801.31,408.3
33060,2043.76001,1.418,794.34,406.6
32780,2042.920044,1.421,797.47,407.7
32240,2037.5,1.423,801.4,407.4
32800,2032.349976,1.445,803.62,407
32900,2039.73999,1.452,802.07,407.9
32400,2034.650024,1.478,801.48,406.3
31740,2032.719971,1.526,808.36,407.2
31940,2038.310059,1.53,806.95,408.7
32120,2060.080078,1.512,806.95,411.1
32860,2066.530029,1.506,805.1,413.9
32420,2061.879883,1.458,799.2,415
32780,2063.72998,1.47,797.57,414.7
31500,2037.869995,1.511,768.37,405.6
29300,1991.47998,1.565,783.95,402.9
30540,1999.359985,1.573,776.73,399.7
31160,2015.780029,1.583,803.06,406.8
31700,2025.709961,1.576,799.11,406.8
31840,2035.98999,1.595,810.65,412.9
32360,2049.699951,1.517,813.51,417
31420,2054.070068,1.5,804.59,414.4
31360,2047.109985,1.496,796.64,410.5
31380,2062.820068,1.494,810.84,413.4
31340,2053.060059,1.467,812.47,414.5
32000,2068.719971,1.455,822.64,413.9
31960,2043.630005,1.401,835.6,415.1
32280,2054.860107,1.455,827.34,414.1
32380,2053,1.511,833.71,415.2
33820,2065.300049,1.542,838.6,417.7
34120,2053.800049,1.53,837.02,416.6
33600,2056.820068,1.548,832.91,417.8
30900,2031.930054,1.616,815.31,412.5
30700,2033.72998,1.59,812.62,407.7
31140,2015.439941,1.543,803.05,404.4
31540,2022.660034,1.55,809.39,406.5
31800,2027.609985,1.615,805,405.4
31780,2040.430054,1.616,814.74,408.9
32500,2040.939941,1.613,810.93,409.2
32400,2040.599976,1.61,816.72,409.9
31780,2033,1.626,814.53,409.4
32160,2047.73999,1.607,829.79,412.4
31940,2037.170044,1.638,828.67,410.5
31340,2013.890015,1.631,827.22,410.8
31460,2024.119995,1.667,823.74,407.4
32280,2019.420044,1.719,818.88,404.2
32780,2008.189941,1.683,823.52,404.2
33040,2007.390015,1.731,816.08,404
32860,1978.939941,1.692,810.57,401.1
32320,1983.800049,1.68,808,397.8
32540,1982.02002,1.696,802.88,395.9
32800,1997.579956,1.707,825.87,401.8
32880,2003.380005,1.702,827.68,402.4
31920,1958.380005,1.682,823.59,397.6
32980,2002.599976,1.821,806.09,398.6
31960,1984.430054,1.939,837.24,397.7
31060,1974.400024,2.062,832.08,395.4
30780,1967.530029,2.045,847.9,398.2
31160,1979.650024,2.1,857.55,400.1
31360,1980.550049,2.085,866.84,400.8
31720,1974.579956,2.135,872.63,401.8
31860,1966.050049,2.121,879.01,403.1
32800,1983.469971,2.127,888.27,406.6
32980,1987.949951,2.139,889.31,406.5
33000,1971.26001,2.179,889.31,406.9
33000,1974.459961,2.185,890.97,407.9
33540,1978.130005,2.153,887.25,407.6
33540,1978.390015,2.14,885.25,408.1
34920,1983.47998,2.146,879.47,406.8
34980,1983.75,2.202,836.79,400.3
34540,1970.609985,2.259,847.7,401.3
34360,1963.359985,2.19,858.13,404.2
34960,1989.859985,2.205,870,408.4
35440,1991.890015,2.2,888.45,413.2
35800,2031.069946,2.164,895.7,417.4
35600,2024.689941,2.205,892.51,418.2
35040,2027.23999,2.271,885.46,416.1
35320,2035.97998,2.199,895.55,419.6
35540,2036.869995,2.13,894.28,418.3
35180,2036.650024,2.195,909.97,418.3
35860,2042.23999,2.166,900.85,417.4
35900,2038.390015,2.167,909.68,420.1
36240,2041.939941,2.162,917.99,420.2
36100,2037.959961,2.11,918.33,419.4
36180,2035.72998,2.098,923.06,418.5
35640,2035.900024,2.119,927.92,419.6
35960,2037.75,2.114,927.92,419.9
35980,2042.170044,2.112,939.21,420.5
35760,2024.48999,2.084,921.09,415.9
36040,2026.459961,2.058,921.2,416.9
36100,2026.459961,2.054,906.47,416.6
36480,2043.969971,2.061,907.34,417.4
36160,2045.640015,2.097,909.77,420.9
35560,2041.949951,2.064,901.69,420.4
36200,2049.120117,2.084,908.65,421.1
37220,2048.780029,2.132,918.58,420.7
37240,2045.119995,2.101,923.06,423.2
38280,2075.169922,2.128,926.54,426
38800,2087.139893,2.067,918.16,426.8
37460,2076.790039,2.094,924.67,428.4
36660,2064.169922,2.119,924.67,426.2
36960,2071.870117,2.101,909.48,425
36940,2070.540039,2.125,922.36,428
37480,2072.790039,2.169,918.03,423.5
37200,2065.610107,2.126,930.01,425.6
38060,2065.98999,2.126,923.77,425.3
38160,2065.76001,2.103,942.41,428.7
39400,2066.939941,2.134,956.06,433.7
39900,2083.590088,2.191,950.32,434
39460,2067.570068,2.153,944.28,435.1
39120,2080.47998,2.174,960.11,436.9
39360,2071.01001,2.155,959.08,438.5
39460,2073.159912,2.185,964.02,441.2
39560,2077.659912,2.154,967.39,440.8
38820,2075.209961,2.136,970.59,440.3
38400,2065.080078,2.131,972.14,441.2
38400,2065.879883,2.124,963.81,443
38360,2075.080078,2.15,963.05,444.7
37960,2078.649902,2.151,965.7,447.5
37580,2074.570068,2.135,962.63,447.2
37720,2083.860107,2.151,970.54,450.1
38020,2081.840088,2.144,971.24,451.2
37860,2080.580078,2.136,976.8,450.1
38660,2084.389893,2.184,976.8,451.2
38940,2102.929932,2.203,990.44,452.9
39300,2106.610107,2.246,990.07,455.1
39180,2107.629883,2.202,973.87,455
38220,2094.120117,2.175,973.44,453.4
38060,2085.52002,2.17,982.4,452.9
38440,2091.639893,2.162,969.38,450.3
39720,2102.649902,2.225,974.33,453.6
39620,2078.75,2.232,973.97,454.6
40080,2081.360107,2.262,974.18,452.6
40200,2094.050049,2.313,976.85,454.6
40200,2095.409912,2.302,979,454.1
40200,2091.060059,2.317,980.48,453.4
40180,2097.350098,2.319,991.93,455.9
40600,2117.590088,2.297,999.39,458.7
41360,2133.780029,2.29,996.33,459.2
41400,2133,2.268,1004.65,462
41840,2150.080078,2.175,1002.81,464.9
42400,2164.580078,2.178,1004.6,466.7
41900,2157.01001,2.186,1012.29,467.6
42560,2178.379883,2.188,988.42,463.5
42460,2168.300049,2.152,999.34,463.9
41800,2172.719971,2.15,996.85,465.6
41500,2168.949951,2.175,1004.35,467.8
41200,2155.659912,2.149,1005.95,467.7
41480,2163.310059,2.161,1008.97,469.1
41780,2166.97998,2.159,1006.49,466.5
41980,2164.639893,2.184,1011.81,466.5
41200,2160.22998,2.172,1011.4,469
41440,2167.51001,2.178,1005.8,466.7
42080,2161.100098,2.139,1000.48,466.6
42140,2160.850098,2.141,993.53,462.2
41840,2152.75,2.182,994.69,462.9
41600,2151.72998,2.19,999.35,462.8
41940,2133.320068,2.253,991.62,462
41600,2123.850098,2.204,983.34,460.5
41900,2128.909912,2.205,966.55,460.1
42420,2148.610107,2.172,960.01,458.3
42020,2134.879883,2.194,960.01,456.4
41560,2145.76001,2.17,972.56,459.2
41500,2148.459961,2.172,976.67,457.6
40900,2138.399902,2.142,982.05,458.8
40280,2149.149902,2.145,997.55,463.2
40760,2165.040039,2.165,992.94,460.4
41240,2173.73999,2.205,1007.8,467.9
42700,2196.850098,2.194,1017.81,471.7
42800,2207.840088,2.208,1009.16,470.4
43840,2209.459961,2.196,1023.29,473.6
44620,2205.439941,2.2,1005.53,470.8
44900,2219.669922,2.24,1004.62,473.8
45520,2241.23999,2.21,1006.83,475.3
47020,2292.76001,2.245,1007.16,480
45600,2270.120117,2.297,1038.92,484
45500,2296.370117,2.306,1042.43,483.6
45820,2286.02002,2.287,1045.24,484.6
46100,2290.649902,2.297,1061.05,488.3
46380,2295.330078,2.298,1076.85,492.2
46340,2293.080078,2.254,1029.83,484.7
45940,2286.820068,2.255,1049.29,483.7
44720,2288.47998,2.247,1060.77,488.1
45100,2304.030029,2.27,1072.3,493.4
44920,2311.73999,2.255,1067.94,493
44880,2317.340088,2.269,1074.85,494
45680,2342.929932,2.259,1080.75,498.4
46080,2355.300049,2.237,1084.85,497.9
45620,2352.969971,2.246,1084.85,498.4
44640,2343.679932,2.223,1091.45,498.7
44700,2347.379883,2.222,1091.42,498.4
44680,2344.610107,2.212,1092.55,503.8
45960,2371.719971,2.209,1103.4,509.5
45940,2368.620117,2.177,1106.22,509.1
45300,2360.139893,2.16,1118.3,510.2
45160,2363.570068,2.173,1138.25,513.2
46100,2381.689941,2.165,1090.05,507.6
45380,2357.870117,2.224,1084.44,503.7
45400,2374.699951,2.177,1091.35,504.9
45360,2372.639893,2.174,1079.82,503.3
45680,2361.649902,2.123,1070.76,501.1
45580,2361.830078,2.152,1067.23,500.6
46560,2370.899902,2.158,1087.92,507.1
48140,2369.22998,2.142,1074.88,503.9
47480,2357.530029,2.139,1087.42,506.4
47960,2370.370117,2.135,1084.96,506.6
47620,2378.600098,2.129,1088.48,508.1
48280,2388.659912,2.125,1077.92,508.3
48300,2391.949951,2.119,1048.66,502.3
47700,2382.560059,2.178,1067.18,503.4
47940,2395.659912,2.184,1040.42,496.5
47540,2391.790039,2.214,1034.91,494
47220,2394.47998,2.235,1020.51,493.1
47000,2380.52002,2.279,1020.51,491.2
47580,2388.350098,2.278,1041.78,493.3
48060,2387.810059,2.281,1037.05,489.5
47860,2379.870117,2.327,1054.9,492.6
48660,2382.100098,2.293,1067.1,494.5
49000,2396,2.278,1075.42,496.7
49880,2391.77002,2.268,1092.86,502.4
50560,2409.48999,2.234,1090.13,501
50480,2414.629883,2.252,1104.32,502.8
50640,2425.100098,2.275,1099.55,502.2
50840,2426.040039,2.25,1103.35,501.8
50740,2429.939941,2.259,1113.18,506.3
51200,2441.840088,2.236,1116.62,506.7
51080,2450.060059,2.218,1107.54,505.9
50860,2451.530029,2.22,1103.01,505.6
50000,2439.899902,2.203,1102.59,502.5
49840,2434.51001,2.249,1115.35,501.2
49800,2443.23999,2.213,1097.27,502.1
47760,2400.98999,2.234,1092.99,496.8
48200,2402.709961,2.225,1085.15,496.4
48600,2422.959961,2.258,1091.13,498.9
49000,2427.629883,2.244,1083.96,498.6
47780,2386.850098,2.249,1078.8,495.4
47700,2395.449951,2.249,1079.45,494.4
47580,2398.75,2.28,1098.25,496.1
47720,2394.72998,2.318,1093.77,495.1
46280,2368.389893,2.339,1090.49,492.1
45900,2359.469971,2.328,1060.02,485.5
44620,2319.709961,2.303,1066.22,483.9
45000,2334.219971,2.3,1093.74,486.4
46200,2348.26001,2.334,1098.07,489.4
47040,2361.669922,2.32,1069.7,484.5
46900,2358.370117,2.312,1071.89,481.9
46840,2355,2.301,1064.52,481.4
47000,2365.330078,2.304,1081.64,486.7
47480,2366.399902,2.302,1086.41,489
47520,2375.840088,2.287,1085.93,489.1
47020,2378.51001,2.253,1080.5,492.4
46100,2370.300049,2.253,1082.62,493.4
46080,2364.73999,2.262,1084.86,492.9
46200,2372.290039,2.244,1103.69,496.9
46320,2363.189941,2.261,1114.31,498.5
46480,2357.689941,2.27,1119.34,500
46040,2357.689941,2.308,1119.34,498.6
46760,2326.620117,2.308,1103.63,496.7
47000,2319.820068,2.28,1105.76,495.5
48120,2346.189941,2.274,1107.34,496.1
49080,2343.719971,2.24,1093.49,494.8
49800,2359.080078,2.25,1115.46,501.4
49600,2365.469971,2.251,1120.2,503.6
49620,2360.179932,2.241,1122.04,504.8
50300,2377.659912,2.244,1127.42,502.9
50400,2386.070068,2.248,1146.68,505.7
52480,2418.209961,2.264,1160.9,509.7
52120,2416.050049,2.292,1164.98,508.4
52220,2412.199951,2.284,1148.6,508.7
52800,2406.5,2.28,1143.87,506.2
53620,2380.399902,2.269,1126.94,501.7
53620,2374.320068,2.31,1126.4,501
51680,2372.570068,2.359,1153,505.4
51260,2373.139893,2.392,1161.69,507.3
51280,2394.469971,2.375,1171.74,510.7
52800,2433.810059,2.418,1207.2,521.4
54640,2458.159912,2.418,1215.19,521.8
54800,2474.76001,2.389,1211.1,522.9
54000,2473.620117,2.391,1219.21,526.3
53920,2480.050049,2.395,1224.99,527
54800,2484.370117,2.401,1224.12,524.5
54760,2482.909912,2.392,1228.16,525.2
52980,2473.060059,2.429,1225.05,520
53840,2489.540039,2.471,1231.34,522.9
54300,2490.050049,2.461,1237.14,522
54040,2490.48999,2.456,1245.38,521.5
53900,2492.5,2.503,1229.27,519.5
52400,2480.629883,2.543,1237.03,516.1
53080,2496.629883,2.539,1263.55,517.8
54040,2501.929932,2.521,1265.91,520.1
55080,2523.429932,2.568,1275.61,520.3
57220,2556.469971,2.547,1271.51,522.7
57060,2546.360107,2.529,1277.34,522.1
56380,2557.969971,2.525,1299.97,525.3
56380,2549.409912,2.549,1317.34,531.5
56100,2545.439941,2.541,1316.55,529.8
56760,2552.399902,2.543,1321.13,534.7
56340,2550.570068,2.537,1294.66,531.3
56400,2542.949951,2.561,1303.06,529.8
56380,2530.350098,2.582,1306.58,527
55920,2526.639893,2.61,1305,526.1
55340,2518.25,2.571,1293.2,522.1
55340,2518.25,2.56,1313.11,527.9
55820,2533.98999,2.57,1306.93,528.6
55200,2527.669922,2.547,1322.81,532.6
55280,2530.699951,2.542,1337.92,540.1
55960,2540.51001,2.541,1329.1,542.1
55960,2540.51001,2.52,1329.1,542.3
55460,2544.330078,2.537,1341.69,544.8
52640,2507.810059,2.531,1324.15,538.3
53280,2514.189941,2.478,1323.08,539.6
52600,2512.899902,2.482,1265.01,531.2
50800,2476.370117,2.475,1272.55,527.9
50840,2475.409912,2.491,1258.65,524.5
51340,2501.669922,2.487,1227.85,521.1
51260,2510.120117,2.502,1228.51,518.4
50020,2474.370117,2.464,1232.26,512.6
50740,2461.97998,2.484,1244.52,515.2
52000,2464,2.485,1238.24,516.9
51780,2471.48999,2.483,1245.58,521.4
52100,2461,2.456,1233.18,522.8
51320,2480.550049,2.452,1233.04,525.2
51060,2469.47998,2.45,1232.43,525.4
50620,2482.070068,2.433,1250.89,526.3
51200,2481.879883,2.432,1277.91,533.7
51560,2478.530029,2.451,1276.52,532.3
49140,2429.830078,2.485,1271.81,533.7
49700,2440.540039,2.496,1271.17,534.3
48200,2427.340088,2.491,1258.88,530.3
49360,2436.669922,2.494,1263.36,533
50960,2467.48999,2.47,1266.3,534.7
50960,2467.48999,2.488,1287.7,541.1
51620,2486.350098,2.508,1309.86,547.4
51080,2466.459961,2.523,1317.24,550.9
52120,2497.52002,2.519,1325.71,554.9
52020,2513.280029,2.542,1335.54,555
50400,2510.22998,2.564,1322.57,555.8
48840,2499.75,2.638,1306.22,550
48240,2487.909912,2.589,1314.34,550.4
48200,2496.419922,2.623,1322.1,556.2
48540,2503.72998,2.657,1322.1,556.5
50000,2521.73999,2.642,1325.97,557.7
49620,2515.429932,2.637,1364.29,562.5
49900,2515.810059,2.621,1370.56,560.5
49320,2520.26001,2.636,1372.03,561.8
48240,2502.110107,2.649,1382.41,560.8
49160,2536.600098,2.658,1392.86,563.2
49340,2538,2.643,1360.68,555.4
50260,2562.22998,2.659,1337.62,551.4
50780,2574.76001,2.679,1381.27,556.2
51220,2598.189941,2.744,1378.42,554.4
49800,2567.73999,2.781,1350.44,548
49900,2566.459961,2.769,1361.5,547.9
49820,2568.540039,2.756,1355.07,550.5
47700,2525.389893,2.756,1317.98,542.1
47920,2491.75,2.804,1255.81,526.9
47420,2453.310059,2.748,1301.66,524.9
45800,2396.560059,2.718,1272.5,523.6
46000,2407.620117,2.744,1218.66,515.3
44700,2363.77002,2.757,1255.81,515.1
45720,2385.379883,2.806,1279.14,520.7
47540,2395.189941,2.78,1278.51,523.2
49000,2421.830078,2.763,1307.05,529.6
48380,2442.820068,2.798,1318.32,537
47400,2415.120117,2.806,1341.53,538.8
47280,2429.649902,2.801,1325.35,539.3
46760,2414.280029,2.804,1322.09,536.8
47220,2451.52002,2.792,1351.09,544.5
47380,2457.649902,2.763,1380.27,551.5
47380,2456.139893,2.729,1374.72,547.5
47060,2427.360107,2.736,1362.02,543.3
46020,2402.159912,2.735,1363.78,539.9
45200,2375.060059,2.737,1375.86,543.2
47020,2411.409912,2.759,1396.47,550.3
48620,2401.820068,2.727,1400.47,552.1
49200,2433.080078,2.73,1402.05,557.1
49740,2459.449951,2.743,1431.16,561.5
49740,2484.120117,2.759,1445.9,566.4
51660,2494.48999,2.746,1423.46,564
51760,2486.080078,2.711,1423.5,561.6
51540,2492.379883,2.703,1422.07,561.4
51140,2493.969971,2.712,1422.54,559.9
50740,2475.030029,2.724,1394.82,555.8
51200,2485.52002,2.732,1405.5,555.7
51060,2484.969971,2.723,1407.98,556.2
51780,2496.02002,2.694,1368.98,547.6
49720,2416.76001,2.648,1323.92,534.5
50280,2437.080078,2.687,1380.1,542.7
49980,2452.060059,2.677,1327.94,540.6
48700,2419.290039,2.639,1299.82,531.8
49040,2436.370117,2.642,1328.9,533.5
49220,2445.850098,2.624,1328.9,534.1
48540,2444.159912,2.644,1277.01,527.2
48120,2442.429932,2.634,1302.09,527.9
46920,2408.060059,2.618,1319.01,528.9
48740,2437.52002,2.632,1305.24,529.7
48400,2429.580078,2.607,1265.25,524.7
49200,2444.080078,2.613,1273.8,526.2
48880,2450.73999,2.622,1314.54,532.3
48860,2444.219971,2.596,1315.06,532
49000,2442.709961,2.581,1339.66,534.2
49800,2455.070068,2.598,1329.4,531
50340,2457.48999,2.625,1332.52,530.7
49980,2453.77002,2.636,1357.72,534.9
51360,2479.97998,2.656,1343.78,534.2
52780,2486.100098,2.649,1285.88,528.1
51620,2476.330078,2.672,1270.83,524.9
51900,2474.110107,2.726,1253.98,521.4
50460,2464.139893,2.727,1243.67,518.7
50400,2448.810059,2.76,1242.19,516.7
52140,2475.639893,2.751,1268.21,518.1
53000,2492.399902,2.7,1258.11,513.7
53000,2515.379883,2.712,1244.4,514
53000,2505.610107,2.751,1259.42,514
53000,2487.25,2.75,1267.44,514.9
51900,2461.379883,2.761,1296.73,518.8
52600,2449.810059,2.787,1318.02,519.6
50900,2443.97998,2.805,1336.68,520.8
51600,2464.159912,2.771,1360.72,523.7
51300,2477.709961,2.785,1350.46,522.9
50100,2476.110107,2.796,1367.5,527
49200,2458.540039,2.816,1351.1,523.1
49850,2459.820068,2.8,1370.1,523.3
49400,2448.449951,2.794,1364.87,522.8
49500,2460.649902,2.772,1345.2,518.7
50000,2465.570068,2.769,1359.34,520.4
51800,2471.909912,2.755,1373.95,520.9
51400,2466.01001,2.719,1378.72,521.5
52700,2460.800049,2.712,1390.84,523.6
52300,2478.959961,2.727,1390.84,523.8
51300,2457.25,2.697,1380.92,519.3
49500,2409.030029,2.696,1389.91,519.2
50700,2423.01001,2.694,1379,515
51300,2438.959961,2.703,1411.31,519.2
51100,2447.76001,2.733,1422.67,523.6
51300,2453.76001,2.716,1428.51,525.9
50600,2470.580078,2.75,1424.34,528.9
49650,2451.580078,2.72,1412.29,525.7
49900,2470.149902,2.732,1408.99,526
49400,2468.830078,2.721,1416.37,527.5
48200,2423.47998,2.711,1423.12,520.7
47650,2404.040039,2.671,1422.04,518.1
46600,2376.23999,2.65,1407.91,514.6
47000,2340.110107,2.62,1391.58,507.6
47000,2363.909912,2.619,1398.6,511.4
47050,2337.830078,2.594,1381.01,506.2
47250,2357.219971,2.607,1371,504.9
46650,2357.879883,2.608,1328.04,496
47000,2350.919922,2.62,1333.4,495.3
47950,2342.030029,2.576,1300.51,490.8
46800,2314.23999,2.554,1311.64,491.2
46650,2326.129883,2.555,1313.7,495.6
45550,2271.540039,2.531,1321.81,493.9
46150,2272.76001,2.577,1297.71,489.5
46250,2265.459961,2.547,1297.71,488.9
45950,2257.550049,2.545,1332.96,493
44900,2272.870117,2.557,1349.19,495.5
45600,2285.800049,2.559,1358.03,500.7
46300,2294.159912,2.555,1372.25,502.9
46000,2280.620117,2.52,1336.71,496.5
45500,2285.060059,2.535,1346.2,499.4
46500,2310.899902,2.556,1340.83,502.2
46050,2301.98999,2.547,1339.24,501
45850,2297.919922,2.552,1358.99,504.1
46550,2290.110107,2.53,1369.46,506.3
46900,2282.290039,2.539,1365.82,505.8
47450,2289.189941,2.522,1359.19,505.2
46500,2269.310059,2.535,1361.38,504.4
46150,2280.199951,2.575,1346.58,504
46150,2273.030029,2.547,1353.15,504.8
46900,2289.060059,2.55,1378.42,507.4
46900,2294.98999,2.572,1372.24,503.3
46500,2293.51001,2.573,1358.56,499.2
46250,2295.26001,2.54,1367.47,500.3
46550,2307.070068,2.593,1365.11,502.2
45550,2270.199951,2.574,1378.83,501.1
45750,2287.679932,2.582,1381.64,502.1
45800,2286.5,2.561,1389.22,503.2
46700,2300.159912,2.557,1400,504.1
46800,2301.449951,2.558,1403.77,505.3
46900,2303.709961,2.521,1389.06,505.4
45400,2282.790039,2.488,1354.8,496.3
45050,2248.449951,2.506,1356.75,492.9
45150,2258.909912,2.506,1354.19,492.9
44250,2240.800049,2.475,1333.09,489
44100,2247.050049,2.435,1323.41,492.1
43850,2247.879883,2.406,1322.1,493.3
44800,2270.060059,2.381,1348.28,496.9
46100,2273.330078,2.398,1354.53,499.8
46200,2282.600098,2.395,1356.13,499.4
46150,2293.209961,2.381,1375.88,503.5
46300,2299.300049,2.372,1397.46,508.9
46550,2303.120117,2.353,1402.95,510.1
46800,2309.030029,2.362,1406.38,512.8
47650,2307.350098,2.367,1393.17,511
48450,2322.879883,2.312,1401.2,512.1
47450,2307.030029,2.291,1401.2,510.8
47650,2315.719971,2.297,1410.93,511.1
46600,2291.77002,2.276,1403.82,504.6
46100,2287.610107,2.271,1366.35,499.8
44900,2281.580078,2.27,1360.77,495.3
45500,2288.659912,2.26,1375.74,492.8
45050,2283.199951,2.274,1361.89,494
44550,2282.919922,2.255,1346.02,491.5
44050,2286.22998,2.259,1362.2,495
45850,2318.25,2.308,1377.31,499.4
45150,2303.01001,2.314,1357.48,495.7
45500,2308.97998,2.341,1368.87,498.1
46150,2308.459961,2.37,1371.68,499.8
47250,2323.449951,2.426,1387.67,503
47400,2339.169922,2.414,1383.09,506.1
47500,2355.429932,2.376,1357.87,501.6
46450,2343.070068,2.358,1366.74,505.1
46350,2338.879883,2.384,1370.44,502.3
45700,2309.570068,2.369,1370.87,498.4
44700,2274.48999,2.446,1347.16,492.1
44700,2267.52002,2.455,1315.84,482.8
44950,2253.830078,2.455,1301,477.2
45300,2228.610107,2.413,1242.1,464.8
43100,2129.669922,2.358,1229.36,451
44000,2161.850098,2.4,1253.58,458.9
43800,2145.120117,2.38,1241.82,457.9
43600,2145.120117,2.381,1282.95,466.9
44150,2167.51001,2.341,1277.31,467.7
44050,2148.310059,2.292,1245.3,464.7
43900,2156.26001,2.319,1225.94,463.9
43550,2161.709961,2.344,1234.2,465.6
43050,2106.100098,2.307,1227.61,459
42550,2097.580078,2.31,1146.41,449.8
41000,2063.300049,2.265,1173.21,448.5
41000,2027.150024,2.244,1153,440.2
41400,1996.050049,2.179,1140.15,438.1
42350,2014.689941,2.22,1187.57,444.9
42400,2029.689941,2.241,1202.3,455
42150,2024.459961,2.252,1258.08,462.5
44150,2096,2.285,1239.16,464.1
43800,2076.919922,2.287,1228.6,461.9
43750,2089.620117,2.293,1242.63,462.4
44000,2078.689941,2.265,1257.47,467.5
44050,2092.629883,2.259,1252.23,471.4
44300,2086.090088,2.237,1229.05,466.8
45200,2080.439941,2.21,1174.49,461.6
44500,2071.22998,2.218,1190.37,460.5
44100,2068.050049,2.193,1194.71,458.5
44100,2068.050049,2.231,1234.62,464
44000,2092.399902,2.22,1220.14,466.6
43650,2100.560059,2.202,1173.01,462.9
42800,2082.580078,2.206,1174.82,455.9
42100,2076.550049,2.207,1179.73,456.1
42450,2069.949951,2.206,1179.73,453.9
42400,2057.47998,2.169,1179.24,451.8
42600,2083.02002,2.166,1201.72,456.2
43050,2099.419922,2.15,1204.08,460
43150,2108.219971,2.156,1231.45,467.2
43150,2114.100098,2.112,1221.43,468.1
41850,2096.860107,2.105,1239.6,468
43250,2131.929932,2.129,1272.74,476.4
42150,2114.350098,2.102,1209.35,466.5
41450,2101.310059,2.058,1209.35,462.8
40500,2068.689941,1.982,1202.83,456
40950,2075.76001,1.982,1157.86,451.8
40200,2053.790039,1.978,1174.19,446.3
40250,2052.969971,1.98,1181.48,448.2
40450,2082.570068,2.01,1198.9,454.5
40000,2095.550049,2.017,1194.59,454.7
38950,2069.379883,2.002,1177.57,449.9
39150,2071.090088,2.004,1162.46,446.9
38900,2062.110107,1.983,1177.36,444.1
39100,2078.840088,1.938,1127.44,440.3
38650,2060.120117,1.931,1117.74,434.6
38650,2061.48999,1.97,1101.29,427.7
38800,2055.01001,1.99,1069.39,423.7
38350,2028.01001,1.95,1131.1,429
38250,2028.439941,1.943,1139.49,430.6
38700,2041.040039,1.937,1147.37,434.2
38750,2010,1.947,1165.3,435
37600,1993.699951,1.951,1096.03,425.2
37450,2010.25,1.98,1143.96,431.2
38750,2037.099976,1.975,1166.24,437.3
38100,2025.27002,1.993,1160.55,438
39600,2064.709961,1.987,1189.84,443.3
39800,2063.280029,1.968,1201.4,445.6
40500,2075.570068,1.99,1213.04,446.9
40050,2064.52002,1.975,1194.28,443.4
41100,2097.179932,1.968,1197.03,448.1
41450,2106.100098,1.982,1187.19,447.4
41950,2107.060059,1.974,1200.76,447.7
42300,2124.280029,2.004,1228.33,454.2
42750,2124.610107,2.025,1228.33,454.9
42150,2117.77002,1.999,1193.36,448.9
42000,2127.780029,1.983,1185.95,451.1
43050,2145.030029,1.993,1253.91,456.7
44750,2177.72998,2.006,1281.16,466.2
45050,2177.300049,2.021,1254.4,465.4
45500,2183.360107,2.031,1236.25,462.9
46400,2206.199951,2.056,1271.76,465.9
46150,2204.850098,2.002,1272.09,467.9
46350,2203.459961,1.983,1287.4,468.7
46200,2203.419922,1.995,1303.92,467.8
44800,2177.050049,1.966,1302.42,468.1
45000,2180.72998,1.944,1308.88,472.1
46050,2190.469971,1.977,1336.72,477.7
46200,2201.47998,1.986,1340.71,480.4
47500,2225.850098,1.995,1344.11,481.1
46050,2196.090088,1.961,1351.18,481.2
46200,2210.889893,1.997,1351.18,483.9
45950,2205.629883,1.996,1348.49,483.1
46900,2229.76001,1.992,1360.28,486.8
46950,2228.659912,2.009,1350.25,486.7
47150,2230.5,2.009,1364.78,492.6
47350,2232.560059,2.011,1375.95,496.2
46750,2226.600098,2.004,1366.58,493.5
46750,2234.790039,1.985,1349.87,491.4
45100,2195.439941,1.987,1350.2,489.1
44850,2190.659912,2.027,1363.25,492
44250,2179.22998,2.03,1356.9,491.4
44000,2175.600098,2.021,1333.82,490.1
44450,2165.790039,2.003,1319.09,484.9
43800,2137.439941,1.973,1318.21,481.9
43650,2138.100098,1.985,1349.88,488.9
44650,2157.179932,1.993,1355.12,491.4
43850,2148.409912,1.966,1360.77,491.4
43850,2155.679932,1.977,1353.06,489.9
44200,2176.110107,1.988,1392.36,494.5
43700,2179.48999,1.994,1388.77,496.5
43900,2177.620117,1.979,1407.35,497.9
44050,2177.100098,1.978,1393.01,495.9
45850,2184.879883,1.932,1441.83,501.1
46550,2186.949951,1.934,1400.37,496.6
45500,2144.860107,1.886,1382.75,489.4
45250,2148.800049,1.905,1396.75,493
45350,2145.620117,1.845,1376.48,492.2
44850,2128.100098,1.81,1373.8,489
44650,2140.669922,1.833,1395.51,495.1
45050,2168.280029,1.864,1430.24,500.5
45750,2177.179932,1.857,1431.63,502.3
46600,2203.27002,1.889,1464.19,507.8
46950,2206.530029,1.877,1465.89,508.4
46850,2209.610107,1.892,1477.65,510
46650,2210.600098,1.867,1481.38,510.8
46650,2213.560059,1.874,1464.52,512
46700,2224.389893,1.871,1477.16,514.9
46250,2224.439941,1.866,1476.07,511.2
46850,2233.449951,1.881,1497.12,514.3
47050,2242.879883,1.927,1485.82,515.1
47250,2248.629883,1.932,1533.22,522.5
47050,2245.889893,1.948,1557.08,523.2
45600,2213.77002,1.892,1558.13,520.2
45300,2216.149902,1.899,1558.13,520.4
45350,2216.649902,1.929,1558.29,519.1
45200,2220.51001,1.923,1574.05,521.5
44750,2201.030029,1.912,1589.02,521.4
44650,2190.5,1.879,1560.32,517.7
44850,2179.310059,1.876,1547.4,517.2
46150,2216.429932,1.863,1544.44,516.9
45850,2203.590088,1.845,1556.18,517.9
45900,2212.75,1.885,1560.61,519.2
45300,2196.320068,1.9,1570.7,521.6
44850,2176.98999,1.885,1506.32,507.6
44250,2168.01001,1.876,1494.48,502.2
42450,2102.01001,1.862,1476.8,494.3
42900,2108.040039,1.872,1478.87,495.9
42650,2079.01001,1.874,1408.95,482.6
42650,2081.840088,1.869,1442.83,482.7
42550,2092.780029,1.865,1454.5,488.6
41550,2067.689941,1.82,1430.11,484.2
41200,2055.800049,1.82,1402.01,480.8
42000,2055.709961,1.847,1345.58,473.7
43150,2061.25,1.829,1374.21,478.1
43500,2064.860107,1.83,1345.04,475.6
43850,2059.590088,1.809,1322.84,471.4
42700,2045.310059,1.791,1311.97,470.4
42650,2044.209961,1.798,1311.97,470.5
42550,2048.830078,1.796,1300.3,468.9
41800,2023.319946,1.742,1305.57,465.3
42550,2038.800049,1.741,1315.29,469.4
42500,2041.73999,1.682,1296.18,467.7
43800,2067.850098,1.691,1300.52,467.4
43450,2066.969971,1.684,1355.26,471.9
43900,2069.110107,1.654,1345.1,474.7
44200,2072.330078,1.635,1378.81,479.1
44800,2099.48999,1.657,1413.89,484.7
44850,2111.810059,1.68,1418.02,488.9
44600,2108.75,1.598,1384.95,487.2
43750,2103.149902,1.612,1392.94,485.4
44000,2095.409912,1.592,1356.55,481.2
43900,2090.72998,1.621,1347.86,480.7
44350,2098.709961,1.614,1406.16,487.2
45350,2124.780029,1.602,1407.3,494.2
45500,2131.290039,1.543,1421.03,500.1
45700,2125.620117,1.57,1410.5,497.1
45500,2126.330078,1.563,1412.08,498.4
45600,2121.639893,1.584,1391.12,492.4
45700,2121.850098,1.608,1435.83,494.5
46500,2134.320068,1.615,1456.9,499.8
47000,2130.620117,1.597,1458.96,500.3
46600,2129.73999,1.604,1497.55,505.9
46250,2122.02002,1.588,1476.83,506.5
45400,2096.02002,1.534,1470.49,505.8
46000,2108.72998,1.523,1470.49,508.3
45650,2110.590088,1.532,1461.7,506.7
44400,2064.169922,1.535,1450.41,500.4
45100,2052.030029,1.537,1461.21,500.4
45550,2058.780029,1.561,1471.51,505
46200,2080.580078,1.547,1476.28,504.8
46300,2086.659912,1.571,1504.28,508
46450,2082.47998,1.581,1515.92,509.4
46850,2091.870117,1.574,1499.64,507.6
46050,2072.919922,1.548,1503.87,505.8
46100,2066.550049,1.47,1526.97,504.5
46800,2094.360107,1.454,1523.91,506.2
47200,2093.340088,1.465,1554.09,507.7
47300,2101.449951,1.47,1573.27,511.7
46400,2082.300049,1.466,1622.02,516.1
47200,2074.47998,1.433,1594.12,515.2
47150,2066.26001,1.424,1593.86,517.8
46100,2029.47998,1.408,1598.02,517
46550,2038.680054,1.406,1593.82,516
45350,2024.550049,1.391,1542.44,508.7
45200,2017.339966,1.405,1511.98,503.4
44950,1998.130005,1.352,1488.43,495.4
43950,1946.97998,1.252,1423.52,482.2
43500,1917.5,1.256,1441.77,482.3
43200,1909.709961,1.251,1452.12,484.2
42650,1920.609985,1.269,1491.26,490.7
43150,1937.75,1.289,1464.34,489.4
43700,1942.290039,1.286,1446.98,489.3
43000,1925.829956,1.23,1489.66,490.6
43700,1938.369995,1.233,1442.54,485.4
43900,1927.170044,1.172,1479.25,487.1
43600,1939.900024,1.184,1506.99,492.2
44450,1960.25,1.198,1498.9,491.9
44500,1964.650024,1.277,1512.72,493.3
44050,1951.01001,1.229,1512.25,491.9
43950,1948.300049,1.263,1446.38,484.9
43600,1916.310059,1.19,1458.88,482.1
44050,1924.599976,1.235,1454.12,482.2
44150,1941.089966,1.246,1462.85,484.1
43400,1933.410034,1.248,1495.82,486.6
44000,1967.790039,1.273,1504.92,491.3
43800,1969.189941,1.348,1504.92,491.4
43250,1965.689941,1.333,1478.32,488.9
44100,1988.530029,1.352,1519.55,496.1
45700,2004.75,1.372,1566.21,504.2
46300,2009.130005,1.382,1568.34,505.9
46900,2019.550049,1.352,1576.39,508.3
47000,2032.079956,1.376,1583.15,509.5
47150,2049.199951,1.396,1606.19,514.1
47100,2062.219971,1.536,1594.49,515.9
46900,2062.330078,1.501,1599.74,514.6
47700,2070.72998,1.469,1600.95,515.5
49150,2080.350098,1.462,1592.07,515.4
49200,2091.52002,1.455,1563,514.5
49300,2091.699951,1.462,1578.09,515.3
49500,2101.040039,1.458,1551.99,512.8
48900,2073.389893,1.424,1579.56,511
49200,2074.52002,1.432,1580.1,508.3
48400,2049.929932,1.439,1542.87,501.7
49050,2063.050049,1.456,1558.75,501.7
48850,2072.419922,1.499,1544.2,498.4
47600,2031.910034,1.497,1519.77,493.9
48000,2020.689941,1.373,1574.39,502.7
47750,2021.72998,1.38,1563.17,504
48900,2046.25,1.433,1514.45,499.5
48550,2028.150024,1.457,1555.79,504.4
49150,2044.609985,1.493,1591.13,508.9
50000,2067.399902,1.489,1590.4,510.1
50100,2068.169922,1.493,1625.69,512
50700,2082.830078,1.53,1601.79,511.6
50500,2077.939941,1.576,1607.16,516.6
49900,2060.689941,1.586,1590.09,514.3
50300,2064.840088,1.659,1620.04,519.8
51200,2088.860107,1.659,1607.6,519.9
51200,2080.620117,1.656,1576.58,516.5
50700,2085.659912,1.638,1615.51,517.5
50900,2087.889893,1.671,1648.67,521
51300,2093.600098,1.764,1677.57,524.8
51100,2092.689941,1.783,1662.46,522.2
50400,2080.27002,1.759,1661.46,522.9
50400,2083.47998,1.728,1651.22,523.4
51200,2100.199951,1.731,1689.93,528.6
52300,2130.23999,1.824,1726.92,534
52700,2142.639893,1.817,1730.15,535.2
53300,2144.149902,1.825,1715.67,534.1
52900,2144.290039,1.814,1727.68,536.5
52100,2137.22998,1.805,1736.78,539.4
51600,2124.090088,1.785,1727.59,533.6
52600,2140.919922,1.842,1732.42,537.1
52500,2122.449951,1.792,1732.86,537.6
52500,2122.449951,1.788,1727.59,537.5
53700,2162.179932,1.787,1742.93,542.8
53500,2160.689941,1.782,1738.78,542.6
53500,2153.23999,1.737,1730.5,543.8
52000,2125.320068,1.673,1710.14,540.5
51000,2096.600098,1.667,1690.83,537.8
51600,2101.959961,1.684,1690.79,540.7
51800,2123.5,1.726,1731.95,546.1
51800,2121.350098,1.71,1723.26,548.4
52200,2127.850098,1.672,1735.91,553.3
51300,2118.600098,1.669,1735.91,553.9
50300,2087.959961,1.627,1716.84,551
50400,2091.919922,1.682,1691.75,548.9
49900,2084.070068,1.737,1665.71,550.5
49450,2068.889893,1.66,1691.45,553.9
49500,2060.73999,1.662,1697.66,552.8
50400,2081.850098,1.678,1724.21,559
51200,2088.649902,1.669,1714.98,556.4
51500,2098,1.611,1720.9,559.4
51900,2105.620117,1.621,1759.2,564.8
53300,2137.350098,1.621,1806.87,571
54700,2170.25,1.648,1796.04,576.3
54700,2168.149902,1.615,1813.31,581.9
56700,2195.679932,1.606,1821.92,586.2
56300,2194.76001,1.607,1820.29,587.7
56000,2196.560059,1.656,1834.97,587.6
56000,2204.179932,1.676,1853.87,587.2
55500,2203.709961,1.642,1857.12,587.5
55000,2190.080078,1.631,1862.2,588
55400,2197.929932,1.644,1864.49,590
56500,2204.209961,1.685,1858.59,589.6
55800,2197.669922,1.687,1844.39,588.6
55200,2175.169922,1.638,1887.91,594.7
55500,2176.459961,1.552,1853.98,591.1
55500,2155.070068,1.537,1834.68,590.3
55800,2175.540039,1.616,1867.28,593.9
56800,2151.310059,1.628,1867.59,592
58600,2186.449951,1.688,1878.73,596.5
59500,2206.389893,1.706,1866.35,596.9
60000,2229.26001,1.732,1890.79,606.3
60000,2238.879883,1.716,1894.64,607.5
59000,2230.97998,1.691,1872.16,607.4
60700,2248.050049,1.7,1903.93,612.4
61300,2250.570068,1.745,1916.62,619.1
62400,2262.639893,1.767,1916.62,623
61400,2239.689941,1.688,1915,620.5
62300,2267.25,1.723,1930.23,625.2
60800,2246.129883,1.705,1945.37,621.2
58800,2176.719971,1.603,1893.27,611.8
59100,2185.280029,1.586,1858.7,603.8
57200,2148,1.55,1855.8,591.2
56400,2119.01001,1.555,1789.93,582.3
57200,2118.879883,1.546,1812.18,578.6
58900,2157.899902,1.626,1868.65,593.1
59500,2165.629883,1.601,1909.52,597.8
61100,2227.939941,1.634,1909.64,606.3
60400,2211.949951,1.602,1864.36,606.4
59700,2201.070068,1.605,1892.8,606.6
59900,2223.120117,1.603,1931.08,613.5
60500,2238.379883,1.612,1958.82,620.3
60700,2232.959961,1.612,1960.34,621.4
61800,2243.590088,1.652,1956.56,618.7
61500,2242.169922,1.627,1956.56,618.9
59800,2208.879883,1.561,1929.12,617.2
60200,2210.340088,1.559,1979.5,622.8
60000,2195.5,1.506,1949.25,625.2
59200,2162.840088,1.442,1891.05,619
56800,2079.040039,1.415,1801.23,606.8
57900,2103.610107,1.423,1746.11,600.3
56500,2076.77002,1.393,1749.95,592
55900,2054.889893,1.443,1668.65,573.1
54200,1987.01001,1.334,1705.54,562.6
55000,2002.51001,1.371,1765.38,580.6
55400,2014.150024,1.369,1705.26,575.8
57400,2059.330078,1.3,1789.57,586.8
57800,2085.26001,1.332,1734.03,580.7
56500,2040.219971,1.37,1699.89,570.5
56500,1954.77002,1.298,1558.16,534.8
54600,1962.930054,1.353,1656.5,550.4
52100,1908.27002,1.372,1562.54,528.3
52100,1834.329956,1.386,1392.11,487
49950,1771.439941,1.568,1544.26,497.4
48900,1714.859985,1.524,1298.78,457.1
47300,1672.439941,1.442,1426.52,474.3
45600,1591.199951,1.498,1286.84,451.7
42950,1457.640015,1.655,1341.22,448.5
45400,1566.150024,1.613,1298.54,449.6
42500,1482.459961,1.709,1342.12,437.2
46950,1609.969971,1.701,1491.83,467.1
48650,1704.76001,1.662,1472.57,479.9
47800,1686.23999,1.499,1572.61,493.6
48300,1717.72998,1.532,1488.75,485.2
47850,1717.119995,1.56,1545.31,490.5
47750,1754.640015,1.55,1510.59,490.4
45800,1685.459961,1.541,1427.73,479.3
46800,1724.859985,1.517,1474.61,488.3
47000,1725.439941,1.547,1443.04,483.7
48700,1791.880005,1.542,1592.88,508.4
49600,1823.599976,1.58,1585.38,511.6
48600,1807.140015,1.51,1639.89,522.9
49100,1836.209961,1.435,1601.73,525.1
49250,1860.699951,1.441,1601.73,523.9
48300,1825.76001,1.468,1623.68,521.4
49000,1857.079956,1.466,1695.76,536
49000,1857.069946,1.408,1690.87,533.6
51400,1914.530029,1.435,1705.64,540
50100,1898.359985,1.447,1667.57,534.2
49250,1879.380005,1.459,1588.7,517.6
49850,1896.150024,1.526,1682.12,528.5
49850,1914.72998,1.545,1664.67,529.3
49350,1889.01001,1.551,1702.56,530.1
49850,1922.77002,1.574,1725.04,544.2
50100,1934.089966,1.563,1713.21,542.1
50000,1947.560059,1.516,1797.76,550.9
48500,1895.369995,1.499,1661.3,535.7
49200,1928.76001,1.506,1707.75,542.4
48800,1928.609985,1.486,1724.93,540.6
48800,1945.819946,1.426,1775.61,550.9
48400,1935.400024,1.461,1774.31,551
47900,1922.170044,1.422,1725.24,545
48550,1940.420044,1.392,1691.57,537.6
48000,1924.959961,1.382,1739.05,535.9
47850,1927.280029,1.384,1700.89,535.2
48800,1937.109985,1.392,1782.54,545.5
50300,1980.609985,1.391,1775.61,548.1
50000,1989.640015,1.356,1840.79,553.8
49950,1998.310059,1.342,1790.96,547.7
48750,1970.130005,1.35,1802.31,547.2
48850,1994.599976,1.316,1802.31,549.2
49250,2029.780029,1.325,1820.51,555.8
49900,2031.199951,1.345,1847.31,558.1
50400,2028.540039,1.34,1804.66,556.3
50700,2029.599976,1.376,1852.49,562.3
51200,2065.080078,1.39,1843.24,569.5
51400,2087.189941,1.387,1883.41,577.3
54500,2147,1.426,1937.47,586.7
54600,2151.179932,1.432,1953.47,585.5
55500,2181.870117,1.449,2003.76,595.2
54900,2184.290039,1.457,1998.62,601.8
55500,2188.919922,1.375,1998.09,601.8
55400,2195.689941,1.397,2004.66,604
54300,2176.780029,1.381,1876.66,578.6
52300,2132.300049,1.388,1903.85,580.1
49900,2030.819946,1.424,1931.01,576.7
52100,2138.050049,1.4,1965.69,590.6
52200,2141.050049,1.41,1984.08,592.2
52300,2133.47998,1.37,1980.14,593.9
52900,2141.320068,1.378,1966.79,597.7
52000,2126.72998,1.391,1983.36,600.1
51400,2131.23999,1.386,1987.73,603.7
52900,2161.51001,1.363,1944.3,597.5
51900,2112.370117,1.345,1961.05,598.8
53300,2134.649902,1.327,1921.92,593.2
52400,2093.47998,1.365,1943.9,592.1
52800,2108.330078,1.369,1996.44,597.8
52600,2106.699951,1.406,1966.98,597.4
52900,2135.370117,1.378,1993.61,604.8
53600,2152.409912,1.388,1993.61,606.6
55000,2187.929932,1.409,2046.81,623.4
53400,2164.169922,1.387,2019.77,614.7
53000,2158.879883,1.378,2049.76,620.3
52800,2167.899902,1.391,2076.72,625.2
52700,2150.25,1.397,2069.79,620.8
53400,2186.060059,1.42,2034.14,626.3
53800,2183.610107,1.419,2069.79,624.7
54700,2201.879883,1.416,2064.17,623.2
53800,2183.76001,1.382,2055.92,617.9
54400,2201.189941,1.348,2068.99,625.1
54200,2198.199951,1.334,2110.47,631.5
55300,2228.830078,1.356,2096.59,635.8
54700,2228.659912,1.347,2105.43,634.4
54100,2216.189941,1.317,2070.97,631.1
54200,2200.439941,1.305,2038.71,624.5
55600,2217.860107,1.306,2104.62,632.6
58600,2256.98999,1.329,2060.4,630.2
59000,2263.159912,1.31,2106.3,639.9
59000,2267.01001,1.283,2147.55,641.2
57900,2249.370117,1.297,2136.41,642.7
56800,2251.040039,1.307,2177.27,648
57300,2279.969971,1.306,2209.81,655.7
56900,2311.860107,1.292,2207.56,658.7
58000,2342.610107,1.306,2204.94,658.6
57500,2351.669922,1.319,2178.86,653.5
57800,2386.379883,1.364,2179.6,655.6
58200,2418.669922,1.345,2154.79,650.8
59000,2432.350098,1.37,2227.22,657.9
58700,2437.530029,1.363,2202.41,659.2
58000,2407.48999,1.394,2200.81,660
58400,2348.23999,1.357,2214.66,663.4
57800,2360.540039,1.346,2200.77,659.1
55400,2274.219971,1.379,2181.04,650.2
55900,2304.590088,1.41,2198.33,654.2
56100,2329.830078,1.377,2219.37,658.9
56400,2366.72998,1.387,2243.06,660.3
56400,2369.320068,1.405,2250.23,663.5
55600,2344.449951,1.421,2220.15,662.3
55400,2353.800049,1.486,2264.14,667
54000,2326.169922,1.513,2260.43,665.6
54200,2349.550049,1.585,2304.68,674.7
54400,2364.370117,1.539,2370.18,682.3
56400,2395.899902,1.522,2234.23,664.1
55600,2368.25,1.524,2212.73,659.4
56500,2384.219971,1.571,2212.73,659.4
58700,2401.909912,1.556,2108.61,641.8
58400,2375.810059,1.518,2169.61,647
59200,2396.47998,1.516,2137.78,644.2
59000,2396.689941,1.529,2136.37,646.6
60400,2427.909912,1.518,2181.75,657.6
61000,2443.580078,1.504,2219.19,660.1
61000,2435.919922,1.485,2195.54,660
59500,2406.169922,1.511,2194.15,654
59300,2412.399902,1.502,2160.97,656.3
59200,2389.389893,1.493,2154.28,647.2
58200,2332.590088,1.474,2180.26,646.7
58600,2333.23999,1.446,2126.69,638.2
57800,2272.699951,1.442,2147.42,631
57900,2278.790039,1.423,2177.84,634.8
58200,2308.080078,1.426,2237.64,641.6
58200,2327.889893,1.43,2242.52,643.7
58700,2358,1.479,2295.56,651
59000,2365.899902,1.531,2281.09,651.7
59900,2386.939941,1.533,2328.84,658.2
59700,2391.959961,1.544,2356.16,661.1
60400,2403.72998,1.553,2433.48,677.6
60900,2403.149902,1.529,2430.13,674.4
60900,2380.47998,1.513,2417.2,673.5
60000,2361.209961,1.482,2411.13,669.5
59500,2341.530029,1.489,2399.76,664.1
60000,2346.73999,1.441,2385.85,662.4
60900,2358.409912,1.461,2385.82,665.8
60900,2370.860107,1.524,2367.26,669
60100,2355.050049,1.508,2370.45,665.2
60200,2360.810059,1.494,2360.23,665.5
60400,2343.909912,1.483,2308.45,661.2
59800,2330.840088,1.502,2300.91,660
59000,2345.26001,1.498,2222.98,647.3
58100,2326.669922,1.529,2283.65,650.8
56600,2267.149902,1.542,2246.15,638
57400,2300.159912,1.604,2260.07,641.8
58800,2343.310059,1.606,2302.73,650.4
58500,2357.320068,1.572,2384.22,661.6
60300,2413.790039,1.527,2489.16,680.4
60100,2416.5,1.558,2529.27,685.5
60200,2447.199951,1.568,2497.59,684.3
60200,2452.830078,1.621,2422.33,675
61300,2485.870117,1.658,2511.24,683.4
61000,2475.620117,1.651,2478.43,681.3
63200,2493.870117,1.627,2508.82,688.7
66300,2543.030029,1.624,2570.98,700.4
65700,2539.149902,1.619,2548.96,695
64800,2545.639893,1.602,2530.59,695
64600,2547.419922,1.602,2570.22,697.3
64700,2553.5,1.605,2555.5,699.2
67500,2602.590088,1.581,2595.25,704.9
67700,2617.76001,1.6,2609.01,708.6
66600,2601.540039,1.627,2600.24,710.9
68000,2625.909912,1.657,2600.24,712.1
68200,2633.449951,1.642,2631.56,719.6
66700,2591.340088,1.657,2663.49,715.1
67800,2634.25,1.651,2709.73,725.4
69500,2675.899902,1.675,2716.35,728.2
69700,2696.219971,1.672,2716.15,732.8
71500,2731.449951,1.65,2793.03,739.9
72900,2745.439941,1.647,2806.61,741.2
71700,2700.929932,1.642,2816.27,746.5
73900,2755.469971,1.659,2734.77,740.7
73200,2745.810059,1.654,2733.67,741
